employee_name,user_id,O,C,E,A,N,mapped_id,night_logons,total_email_size,usb_count
Calvin Edan Love,CEL0561,40,39,36,19,40,MNP0955,0.0,0.0,0.0
Christine Reagan Deleon,CRD0624,26,22,17,39,32,ATM1615,5.0,0.0,170.0
Jade Felicia Caldwell,JFC0557,22,16,23,40,33,HNM3405,85.0,0.0,385.0
Aquila Stewart Dejesus,ASD0577,40,48,36,14,37,RJB2622,0.0,0.0,0.0
Micah Abdul Rojas,MAR0955,36,44,23,44,25,MHB0845,0.0,0.0,0.0
Gail Rhiannon Mcconnell,GRM0868,21,25,20,13,28,HMC0592,0.0,0.0,0.0
April Alika Levy,AAL0706,37,14,28,13,25,LJE2413,0.0,0.0,0.0
Rama Vielka Clayton,RVC0232,34,20,47,38,25,DRB0202,0.0,0.0,0.0
Tasha Casey Dalton,TCD0009,44,28,44,38,23,AKC0924,0.0,91247046.0,0.0
Aurora Sarah Manning,ASM0575,42,25,21,45,30,JUL1835,0.0,0.0,0.0
Devin Abdul Rogers,DAR0885,43,43,44,41,25,SMS1114,0.0,0.0,0.0
Jacqueline Latifah Miles,JLM0364,35,22,15,25,37,RCL0068,0.0,0.0,0.0
Ferris Omar Barry,FOB0756,42,41,34,20,27,YYD3518,0.0,0.0,0.0
Grant Camden Gay,GCG0951,33,33,25,19,44,JRL2365,0.0,0.0,0.0
Howard Wing Yang,HWY0038,47,39,40,22,24,AAV0450,0.0,10114211.0,0.0
Aspen Amber Vinson,AAV0450,44,24,36,41,33,LOF3279,0.0,0.0,0.0
Colorado John Valentine,CJV0286,18,14,17,13,26,SHB2106,0.0,0.0,0.0
Tyrone Damian Garner,TDG0962,42,40,36,26,21,JNP1240,0.0,0.0,118.0
Stephanie Victoria Lyons,SVL0803,27,35,20,36,32,WSA1765,955.0,0.0,1006.0
Quynn Odessa Sanford,QOS0878,18,12,20,16,29,JAF0209,88.0,0.0,0.0
Melyssa Deirdre Morgan,MDM0625,18,42,36,27,24,ZWS3625,0.0,0.0,0.0
Gray Mason Fulton,GMF0738,30,40,45,20,18,RLG0856,0.0,147604954.0,0.0
Bianca Elizabeth Roach,BER0314,23,20,18,19,32,HLC0943,0.0,0.0,0.0
Aurelia Martina Reese,AMR0400,19,16,47,28,28,AME1361,0.0,0.0,0.0
Yardley Cairo Elliott,YCE0983,39,21,42,30,36,HMR0098,90.0,0.0,173.0
Blaine Jelani Weeks,BJW0619,30,43,47,21,39,KAL1210,0.0,0.0,0.0
Delilah Pearl Schneider,DPS0262,20,25,20,14,32,PEB3768,0.0,0.0,0.0
TaShya Yoko Bailey,TYB0779,24,20,35,36,34,MRH2722,0.0,0.0,0.0
Melissa Ava Stuart,MAS0025,23,14,20,21,23,GCD1189,0.0,0.0,0.0
Kermit Beau Leach,KBL0260,16,15,48,16,32,CPT1533,0.0,0.0,0.0
Geoffrey Harlan Lara,GHL0460,21,37,24,17,35,JJL1448,0.0,0.0,0.0
Flynn Malcolm Gibson,FMG0527,43,38,35,38,28,CRP3682,60.0,0.0,390.0
Heather Cynthia Leonard,HCL0651,21,19,44,36,33,GNE1365,39.0,0.0,0.0
Shannon Chantale Price,SCP0130,42,18,35,32,24,FES3442,0.0,0.0,0.0
Castor Mark Wolf,CMW0783,21,35,14,16,26,CSP0197,0.0,110484077.0,0.0
Ryan Kelly Frost,RKF0164,40,42,17,18,42,JVB3184,0.0,0.0,0.0
Damian Omar Le,DOL0332,32,40,41,18,24,AGS2462,0.0,0.0,0.0
Robert Samuel Chen,RSC0089,41,26,35,21,29,UAD2700,0.0,0.0,0.0
Cailin Casey Mckee,CCM0136,16,16,39,40,29,AHH0495,0.0,0.0,0.0
Nina Camille Hodges,NCH0179,17,12,40,17,25,LMF0980,0.0,111378922.0,0.0
Nicolas Brandon Hendrix,NBH0256,41,43,14,21,22,RMD0792,49.0,0.0,3050.0
Olivia Rose Galloway,ORG0339,50,28,46,47,20,CAR0992,27.0,0.0,729.0
Forrest Rashad Richards,FRR0832,43,40,25,19,30,JLW0053,0.0,140343719.0,0.0
Miriam Shoshana Donovan,MSD0939,24,37,15,42,31,NGH1256,0.0,0.0,0.0
Olivia Quynn Hardy,OQH0183,34,38,18,33,23,BRM0843,0.0,0.0,0.0
Bethany Stephanie Haynes,BSH0445,38,22,30,15,21,MEM1745,0.0,0.0,0.0
Kennedy Shad Parker,KSP0357,41,40,29,19,24,LND2704,0.0,0.0,0.0
Nigel Gareth Ochoa,NGO0690,43,41,41,17,24,FPV3755,0.0,0.0,0.0
Vincent Craig Cunningham,VCC0396,21,45,16,37,23,VKM1515,0.0,0.0,0.0
Wesley Dustin Dickerson,WDD0366,43,42,17,19,28,CAM0102,0.0,91334857.0,0.0
Kai Penelope Peck,KPP0452,44,46,44,16,19,ZJS2648,29.0,0.0,0.0
Raymond Tate Osborne,RTO0313,44,45,25,17,27,HAR1101,0.0,0.0,0.0
Ariel Bertha Murphy,ABM0845,45,21,35,50,29,FPM2074,0.0,0.0,0.0
Vance Ira Alston,VIA0063,40,34,19,50,33,MTL3695,0.0,0.0,0.0
Benjamin Ignatius Hooper,BIH0745,43,39,50,27,25,CTW0500,0.0,149640176.0,0.0
Clinton Coby Wolfe,CCW0031,33,47,30,39,33,TEF3555,0.0,0.0,0.0
Illana Yvette Bradshaw,IYB0918,17,21,42,14,30,MLM0950,0.0,12293871.0,0.0
Orla Ruth Mckenzie,ORM0669,44,39,28,39,36,AMM0734,0.0,0.0,0.0
Mikayla Jaden Barron,MJB0588,39,24,15,47,38,RKH1801,0.0,0.0,0.0
Arthur Lucian Bonner,ALB0892,25,19,44,22,30,BCM0653,0.0,30812742.0,0.0
Leah Idola Moran,LIM0674,18,13,35,49,20,REF3266,47.0,0.0,138.0
Lacota Helen Nash,LHN0151,13,15,19,32,26,MAD0753,0.0,150654694.0,0.0
William Theodore Reeves,WTR0563,47,45,46,15,31,MEV2182,0.0,0.0,0.0
MacKenzie Kristen Stewart,MKS0204,21,30,21,16,31,CET3786,6.0,0.0,0.0
Armando Albert Walter,AAW0353,49,45,19,25,34,SEM2492,0.0,0.0,0.0
Willow Jaime Daniel,WJD0576,40,20,23,38,26,VWB0990,0.0,0.0,0.0
Irene Lacota Huffman,ILH0958,28,17,20,19,24,NBW2810,0.0,0.0,137.0
Tallulah Liberty Kirby,TLK0993,41,36,40,35,22,BHK2196,0.0,0.0,0.0
William Aladdin Bennett,WAB0143,43,43,24,22,33,BJH3402,0.0,0.0,0.0
Rashad Aristotle Guerrero,RAG0275,23,38,35,41,32,MLL0598,0.0,9870438.0,0.0
Leilani Quail Callahan,LQC0479,27,38,34,17,36,SLC0017,0.0,0.0,0.0
Kai Wynne Craft,KWC0004,23,38,39,20,27,MDF1222,0.0,0.0,339.0
Cora Jane Kinney,CJK0200,40,29,24,38,31,DCW1901,0.0,0.0,0.0
Flynn Edward Brennan,FEB0306,40,42,26,25,31,NTE3084,0.0,0.0,0.0
Indira Jocelyn Mack,IJM0776,41,35,19,41,32,ARB0208,0.0,0.0,0.0
Nicolas Kadeem Hayden,NKH0807,45,44,40,22,20,PAD0773,0.0,30828818.0,0.0
Jade Maris Coleman,JMC0925,33,10,23,19,31,ZBW1015,0.0,0.0,0.0
Stephanie Briar Harrington,SBH0537,34,21,14,13,33,JCM1388,0.0,0.0,0.0
Julie Jaime Burns,JJB0700,15,19,39,37,28,FAJ0523,42.0,0.0,147.0
Amaya Iola Sawyer,AIS0405,40,45,14,37,35,RPC0205,57.0,0.0,0.0
Hilda Alice Hahn,HAH0760,34,17,22,37,30,BBS0422,0.0,104149193.0,0.0
Aladdin Hu Day,AHD0848,24,30,49,16,30,VDP0790,0.0,0.0,3077.0
Lila Dana Mcintyre,LDM0587,49,20,23,21,26,JDB1620,0.0,0.0,0.0
Armand Jasper Nicholson,AJN0607,45,42,16,47,23,KJC3748,0.0,0.0,0.0
Bevis Brady Sheppard,BBS0039,44,37,34,21,40,KLH0276,0.0,0.0,0.0
Emerald Imani Schmidt,EIS0041,41,44,17,48,30,RJM3957,0.0,0.0,0.0
Melodie Lee Glenn,MLG0475,45,16,18,19,25,JAJ0849,0.0,12972497.0,0.0
Hadley Rhona Dillon,HRD0635,24,35,18,32,24,CCL3272,0.0,0.0,0.0
Ethan Perry Wiggins,EPW0434,32,36,38,22,33,RRC0553,0.0,20423922.0,0.0
Jena Audrey Malone,JAM0382,25,23,41,17,23,UBF0645,0.0,30315359.0,0.0
Noble Clinton Klein,NCK0295,31,30,38,36,34,WRM0963,0.0,4919419.0,0.0
Luke Jacob Talley,LJT0817,39,43,38,39,24,LCG0784,0.0,0.0,0.0
Chandler Ashton Madden,CAM0102,31,44,19,15,27,RLB1334,0.0,0.0,395.0
Suki Ori Grant,SOG0411,26,19,21,24,23,CER0228,60.0,0.0,807.0
Kameko Signe Harrison,KSH0569,15,39,23,14,22,RKF0164,0.0,87568604.0,0.0
Bruno Donovan Ingram,BDI0533,37,36,15,41,19,QXH0396,0.0,0.0,0.0
Paula Madaline Jackson,PMJ0564,30,21,40,14,39,WDD0366,0.0,96727656.0,0.0
Hedda Grace Gordon,HGG0240,20,26,24,36,31,RDF1248,0.0,0.0,0.0
Mari Gretchen Shaw,MGS0974,17,39,39,40,27,SRC2524,0.0,0.0,0.0
Dominic Howard Mcconnell,DHM0937,43,22,21,15,24,KLG0439,0.0,0.0,0.0
Evelyn Nevada Curtis,ENC0234,21,23,32,19,23,KJG0910,0.0,30127226.0,0.0
Colin Evan Brown,CEB0210,42,24,44,23,34,AAF0535,0.0,14590753.0,0.0
Yvette Jeanette Vang,YJV0699,17,25,30,13,31,ALB0892,0.0,20367368.0,0.0
Brittany Mona Terry,BMT0528,33,25,39,25,30,KGF2552,42.0,0.0,0.0
Caleb Jonas Chang,CJC0494,40,39,39,42,42,BKS2069,0.0,0.0,0.0
Sean Omar Burgess,SOB0360,42,22,40,16,32,SZG0325,0.0,0.0,0.0
Glenna Caryn Sharpe,GCS0571,22,18,16,23,32,NGR2884,0.0,0.0,0.0
Beck John Peters,BJP0134,42,17,44,21,39,HJG3868,0.0,0.0,0.0
Kirby Bo Pollard,KBP0008,23,18,40,11,34,KVA2944,0.0,0.0,0.0
Fitzgerald Len Merrill,FLM0213,20,41,46,15,24,CKH0705,0.0,0.0,0.0
Rhonda Rhona Parsons,RRP0568,43,50,38,18,33,VTB2147,0.0,0.0,0.0
Maxwell Clark Faulkner,MCF0600,39,49,13,26,27,CED2356,0.0,0.0,0.0
Shelly Audra Ayala,SAA0999,20,17,34,11,36,NJL2478,0.0,0.0,1059.0
Teagan Hedy Romero,THR0873,37,44,21,40,38,DSB0731,0.0,148432513.0,0.0
Kimberley Roary Maldonado,KRM0541,40,20,38,36,23,ARF0575,0.0,0.0,0.0
Kenneth Steel Porter,KSP0966,42,36,19,24,35,DBC1073,0.0,0.0,0.0
Lionel Omar Fisher,LOF0311,41,15,36,10,32,BXK2091,0.0,0.0,0.0
Montana Basia Roberts,MBR0724,33,44,18,35,31,JDV1245,0.0,0.0,135.0
Felicia Sloane Cabrera,FSC0601,37,30,37,15,30,IIW0249,0.0,102237839.0,0.0
Medge Liberty Petersen,MLP0668,40,17,16,43,33,BJE0351,0.0,0.0,873.0
Charity Uta Daniels,CUD0795,12,40,30,44,24,SRB2600,0.0,0.0,397.0
Aurora Katell Rhodes,AKR0057,50,41,20,18,30,KMB3003,0.0,0.0,0.0
Guy Zeus Chandler,GZC0735,44,16,15,27,25,AOC0982,0.0,0.0,3071.0
Hadassah Leah Harris,HLH0512,15,42,36,22,32,DLF0377,0.0,90800970.0,0.0
Norman Jackson Beck,NJB0243,23,35,37,24,34,WNR0661,0.0,0.0,0.0
Gregory Curran Sutton,GCS0518,41,36,23,38,21,NRF0137,0.0,10028375.0,0.0
Nicole Macey Craig,NMC0486,42,10,23,21,27,TAP0631,0.0,0.0,0.0
Keegan Marvin Benson,KMB0922,43,43,17,24,27,ALB3649,0.0,0.0,755.0
Cecilia Freya Morgan,CFM0767,46,23,22,35,29,EHV1237,0.0,0.0,0.0
Holmes Arden Day,HAD0246,44,39,32,45,38,TRW3172,0.0,0.0,0.0
Alexa Nadine Poole,ANP0555,13,40,42,23,28,KBC0054,0.0,89491853.0,0.0
Leslie Briar Fields,LBF0214,18,44,18,38,28,AEG1121,0.0,0.0,0.0
Dacey Jorden Bowen,DJB0159,20,37,27,38,37,LND2704,0.0,0.0,0.0
Baxter William Price,BWP0202,20,36,15,25,28,VWB0990,0.0,0.0,0.0
Flavia Fiona Cannon,FFC0891,38,10,39,50,39,EZP3568,0.0,0.0,0.0
Amal Judah Rich,AJR0932,46,30,35,12,29,JRH0455,0.0,1538387.0,0.0
Blair Deborah Vaughn,BDV0168,45,31,19,21,31,LAF0991,0.0,90806263.0,0.0
Cassady Quincy Hampton,CQH0730,21,18,37,49,27,NMS1493,0.0,0.0,0.0
Jena Chanda Rollins,JCR0289,32,43,33,33,29,VNG0916,77.0,0.0,134.0
Addison Edward Snyder,AES0827,39,40,34,38,23,LYS3814,11.0,0.0,125.0
Sydnee Leilani Parsons,SLP0762,26,13,40,18,26,PSD1409,51.0,0.0,0.0
Cheyenne Lesley Dominguez,CLD0894,19,21,50,16,36,NKH0979,0.0,112157561.0,0.0
Leo Chaney Daugherty,LCD0622,30,26,13,14,26,DNM3903,0.0,0.0,0.0
Caleb Mason Ball,CMB0912,46,43,16,22,31,LLJ1243,0.0,0.0,0.0
Zenia Kiona Stevenson,ZKS0899,47,20,42,43,30,MIA0939,0.0,0.0,0.0
James Cain Vargas,JCV0245,40,44,22,20,27,RPL2640,0.0,0.0,0.0
Ali Murphy Hurley,AMH0794,43,42,33,40,31,CID3774,0.0,0.0,0.0
Francis Kane Buckner,FKB0163,39,35,25,39,22,GCS0518,0.0,30108833.0,0.0
Amena Karyn Christian,AKC0924,40,44,35,37,27,PWG3063,0.0,0.0,0.0
Ivory Leandra Rogers,ILR0304,20,22,18,46,30,SMS2452,0.0,0.0,0.0
Arthur John Floyd,AJF0370,37,33,11,15,36,BCW3480,0.0,0.0,0.0
Octavius Kelly Castaneda,OKC0107,32,40,16,47,35,NNA0610,0.0,151728023.0,0.0
Oren Clinton Sharpe,OCS0865,29,24,43,35,32,CCL3272,0.0,0.0,0.0
Urielle Jane Carter,UJC0737,16,12,12,38,25,CCW2381,55.0,0.0,2803.0
Marshall Benjamin Wilcox,MBW0809,43,45,44,18,19,CNR1031,0.0,0.0,0.0
Martina Cassandra Fields,MCF0327,39,41,24,44,25,CSB0080,0.0,111535674.0,0.0
Sylvester Guy Sanders,SGS0268,47,45,30,19,22,CWR0502,0.0,140175759.0,0.0
Brian Nathaniel Greer,BNG0237,39,36,36,47,27,ISS0949,0.0,0.0,0.0
Olympia Shafira Harrison,OSH0655,16,21,42,39,28,NHE3204,0.0,0.0,0.0
Catherine Savannah Bullock,CSB0080,35,19,39,34,36,KMS1530,0.0,0.0,0.0
Ella Rachel Hess,ERH0449,44,15,35,17,25,SIP2293,0.0,0.0,0.0
Eagan Gannon Koch,EGK0893,21,30,11,47,27,HHF1995,0.0,0.0,165.0
Maggy Melissa Burt,MMB0488,21,18,16,24,27,AES0827,0.0,10009311.0,0.0
Abel Adam Morton,AAM0658,43,35,37,36,22,FPM2074,0.0,0.0,0.0
Eliana Stephanie Albert,ESA0642,32,14,44,30,32,TAN2642,0.0,0.0,0.0
Chandler Raymond Kirk,CRK0916,32,46,26,19,32,TDR0111,0.0,0.0,80.0
Bruno Beau Hoover,BBH0810,40,25,10,21,32,LNS0989,0.0,91093865.0,0.0
Jessica Rachel Freeman,JRF0835,44,33,18,37,18,SSA0389,0.0,0.0,0.0
Sloane Jade Cochran,SJC0333,22,39,31,36,29,USH0199,0.0,92277385.0,0.0
Halla Cathleen Simmons,HCS0003,35,28,14,15,30,CFP3418,0.0,0.0,0.0
Edan Marsden Briggs,EMB0531,31,41,31,36,36,GBC0907,42.0,0.0,0.0
Jane Ignacia Mcdonald,JIM0095,10,18,21,15,35,JEH2847,0.0,0.0,0.0
Kay Janna Snider,KJS0618,19,15,20,10,37,WEC3721,0.0,0.0,0.0
Eaton Burton Crane,EBC0390,40,40,40,22,33,HBC0081,17.0,0.0,205.0
Willa Giselle Stanton,WGS0516,11,20,39,20,29,LDB0090,0.0,109378645.0,0.0
Nissim Gil French,NGF0157,45,38,22,46,32,IAG2742,0.0,0.0,0.0
Katell Amethyst Thornton,KAT0489,22,41,36,23,26,AJS0616,0.0,0.0,0.0
Cora Clementine Higgins,CCH0685,47,24,42,34,29,ZXM3086,0.0,0.0,0.0
Doris Mona Michael,DMM0623,36,27,21,39,30,ZJS0269,0.0,90113635.0,0.0
Sylvia Ariana Head,SAH0599,13,22,44,18,22,KZK2058,0.0,0.0,0.0
Connor Phelan Guerra,CPG0322,17,13,19,24,36,HPH0075,0.0,222965777.0,0.0
Orson Barrett Houston,OBH0499,35,18,41,16,34,FHS0837,0.0,9954407.0,0.0
Sage Nichole Savage,SNS0129,26,10,43,35,30,JHF1278,0.0,0.0,0.0
Philip Keith Barron,PKB0429,34,42,43,40,22,JSB0783,0.0,0.0,0.0
Nicole Aurelia Hanson,NAH0503,33,17,23,35,38,SAM3782,0.0,0.0,0.0
Felicia Rhona Butler,FRB0023,45,14,12,14,14,JEV3132,83.0,0.0,0.0
Amir Hayden Gray,AHG0634,31,36,42,41,27,NHM1805,0.0,0.0,0.0
Chadwick Wayne Bond,CWB0065,50,33,14,20,23,CAP2283,0.0,0.0,0.0
Aurora Tatiana Payne,ATP0662,17,16,41,20,39,FPC0954,0.0,9952288.0,0.0
Dalton Perry Mejia,DPM0423,37,38,38,15,27,ZNE3451,0.0,0.0,0.0
Walter Kaseem Foley,WKF0012,37,44,20,45,23,RDB1693,0.0,0.0,0.0
Jarrod Malik Burris,JMB0308,41,44,34,14,32,CHU3211,0.0,0.0,0.0
Amity Kendall Foley,AKF0709,42,31,29,22,32,RVC0232,0.0,92083278.0,0.0
Jermaine Mannix Hansen,JMH0543,44,25,37,13,34,BAL2366,0.0,0.0,142.0
Camille Julie Freeman,CJF0802,36,39,38,43,21,DJS1271,0.0,0.0,0.0
Ignatius Reese Morton,IRM0931,44,46,33,35,30,KBC0578,0.0,0.0,0.0
Fulton Quinn Avery,FQA0854,41,38,30,34,26,BWP0202,0.0,109240986.0,0.0
Cecilia Yuri Ashley,CYA0506,16,17,44,14,31,NAB0903,0.0,31972015.0,0.0
Gay Ria Cantu,GRC0145,30,43,24,46,27,CMC1642,0.0,0.0,0.0
Benjamin Lewis Sweeney,BLS0678,35,17,43,28,31,ANM0123,0.0,8070750.0,0.0
Harlan Jason Benjamin,HJB0742,41,40,16,21,30,LBF1992,0.0,0.0,0.0
Kimberley Kiona Sosa,KKS0119,15,28,39,33,27,RJB1424,0.0,0.0,0.0
Raymond Arsenio Blackwell,RAB0589,36,35,26,14,31,NHN0711,0.0,0.0,0.0
Demetrius Barry Bullock,DBB0384,40,41,28,37,27,HMS3795,0.0,0.0,0.0
Teagan Raven Kennedy,TRK0914,40,19,14,33,30,LGS3477,0.0,0.0,0.0
Blossom Scarlett Aguirre,BSA0431,50,41,19,40,29,DBC3871,0.0,0.0,1161.0
Rachel Hermione Le,RHL0992,36,10,39,37,36,DRB0202,0.0,0.0,0.0
Caldwell Ian Maxwell,CIM0926,31,25,41,17,31,XTB2372,0.0,0.0,463.0
Cassidy Florence Gibbs,CFG0959,42,21,24,17,20,IHD1978,0.0,0.0,0.0
Vera Mollie Jenkins,VMJ0147,23,28,37,22,24,NJM3961,0.0,0.0,0.0
Sawyer Abel Turner,SAT0194,14,19,36,23,35,AAH0721,0.0,0.0,0.0
Harper Basil Obrien,HBO0413,41,35,18,15,18,DLM2826,0.0,0.0,0.0
Declan Zachery Caldwell,DZC0228,37,37,34,21,38,DER2162,0.0,0.0,0.0
Theodore Eagan Bass,TEB0251,44,50,22,13,36,DCW1901,0.0,0.0,0.0
Maryam Nelle Ruiz,MNR0829,41,33,40,15,23,KND0529,0.0,0.0,0.0
Daryl Ocean Patel,DOP0562,42,16,37,39,31,ZCE3578,71.0,0.0,0.0
Uriel Axel Diaz,UAD0771,46,34,15,30,31,FBW0747,0.0,161883746.0,0.0
Ayanna Leandra Dunlap,ALD0544,16,18,18,13,32,RGB1581,0.0,0.0,364.0
Lysandra Chastity Brennan,LCB0664,16,19,36,24,32,LGF1503,0.0,0.0,0.0
Hyacinth Clare Lindsay,HCL0113,43,22,40,39,34,SVS0871,0.0,151164802.0,0.0
Tamara Shaeleigh Best,TSB0437,26,23,16,30,26,SRS0129,0.0,0.0,0.0
Elton Zeus Horton,EZH0736,44,41,37,19,31,YCL0650,0.0,0.0,0.0
Josiah Chester Gray,JCG0316,47,36,32,25,33,MHH0180,0.0,24304158.0,0.0
Malcolm Sebastian Garrison,MSG0839,42,46,19,39,29,CTJ2794,0.0,0.0,0.0
Lionel Jasper Johnston,LJJ0905,43,36,12,22,30,AFK3800,0.0,0.0,0.0
Hall Colorado Morin,HCM0267,36,45,39,20,32,AAL0706,0.0,10022269.0,0.0
Malachi Thor Butler,MTB0620,38,44,41,50,28,YCE0983,0.0,91127611.0,0.0
Clayton Clark Humphrey,CCH0182,42,44,47,23,29,AIF1202,0.0,0.0,0.0
Cole Aaron Mcfarland,CAM0681,41,43,45,10,28,KNM1318,0.0,0.0,0.0
Lyle Brady Hayes,LBH0942,40,42,23,30,29,CSM2819,0.0,0.0,0.0
Cedric Alexander Bowers,CAB0388,37,33,23,40,36,HWW0436,0.0,99750097.0,0.0
William Graham Rowe,WGR0833,38,46,24,38,42,RVL1688,0.0,0.0,0.0
Mohammad Taylor Terrell,MTT0901,41,34,30,40,30,KWD2589,0.0,0.0,0.0
Gisela Quintessa Fischer,GQF0659,40,16,30,29,28,EMR3880,62.0,0.0,0.0
Callum Scott Parrish,CSP0197,37,44,17,13,26,ATT1191,0.0,0.0,4179.0
Octavia May Maddox,OMM0944,17,14,27,21,29,CSV3305,0.0,0.0,0.0
Irma Melanie Patrick,IMP0530,40,17,42,50,32,CRC2747,0.0,0.0,0.0
Owen Ross Burks,ORB0473,38,44,46,38,38,BMV1886,0.0,0.0,0.0
Jenette McKenzie Lynn,JML0909,24,32,39,40,21,ALD3508,0.0,0.0,0.0
Noble Devin Mack,NDM0417,44,36,50,12,34,SJS1014,0.0,0.0,0.0
Ferdinand Rashad Lee,FRL0511,20,30,47,20,30,BEH0103,27.0,0.0,150.0
Lynn Adena Pratt,LAP0338,42,23,33,45,31,ABC3523,0.0,0.0,0.0
Harper Clark Vazquez,HCV0478,46,36,18,12,24,DGE3194,0.0,0.0,0.0
Kimberley Joy Anderson,KJA0152,16,16,39,38,34,GCC0744,0.0,151525892.0,0.0
Erasmus Cameron Franco,ECF0828,40,49,39,40,35,CJM3543,0.0,0.0,0.0
Buffy Vivien Nichols,BVN0514,36,23,30,23,22,XKR2059,0.0,0.0,0.0
Bruno Stewart Silva,BSS0463,32,40,40,38,28,MCR3885,0.0,0.0,0.0
Jonathan John Martinez,JJM0203,37,36,18,30,28,BWJ0136,0.0,0.0,0.0
Adam Ishmael Mcdaniel,AIM0627,36,39,16,41,23,IJM0444,0.0,90260200.0,0.0
Rashad August Hatfield,RAH0440,18,15,43,16,24,LCB2041,0.0,0.0,0.0
Xenos Hayden Gallegos,XHG0902,44,35,23,47,14,WMR2685,0.0,0.0,0.0
Tobias Dakota Jacobs,TDJ0998,34,40,10,42,36,KVA2944,0.0,0.0,0.0
John Price Atkins,JPA0667,49,42,34,35,27,KTS3908,0.0,0.0,0.0
Elaine Hanna Raymond,EHR0096,22,13,20,48,31,BHK2196,0.0,0.0,0.0
Sharon Jemima Whitehead,SJW0451,43,30,16,50,28,HWM0342,0.0,30499481.0,0.0
Colton Nathan Barber,CNB0900,34,43,38,16,27,NHE0919,0.0,90064148.0,0.0
Ethan Arden Hays,EAH0466,41,38,29,38,25,MNT0922,75.0,0.0,380.0
Curran Tarik Ayala,CTA0020,36,50,11,22,34,ZJS0269,0.0,90113635.0,0.0
Sandra Roary Solomon,SRS0231,17,44,36,32,26,NCV0758,0.0,0.0,0.0
Hadley Willa Hill,HWH0646,17,24,24,21,28,WDD0366,0.0,96727656.0,0.0
Halee Kim Burnett,HKB0418,50,18,13,26,27,JJB1598,67.0,0.0,0.0
Chanda Celeste Mosley,CCM0855,31,24,19,36,29,AAV0450,0.0,10114211.0,0.0
Shelley Eleanor Dawson,SED0886,22,18,18,35,28,CRC0595,0.0,0.0,0.0
Logan Branden Cherry,LBC0356,40,30,40,21,41,LRF0101,0.0,0.0,0.0
Chloe Keiko Holland,CKH0144,34,22,22,35,30,MJM0510,0.0,30367917.0,0.0
Melvin Brody Garza,MBG0438,38,17,37,16,29,JJY3112,0.0,0.0,0.0
Mohammad Vladimir Farrell,MVF0594,35,38,33,44,36,GKL1516,0.0,0.0,0.0
Alea Tana Ferrell,ATF0274,20,45,48,27,28,KSP1288,0.0,0.0,0.0
Kendall Thaddeus Glover,KTG0091,46,41,16,15,29,STN2458,0.0,0.0,0.0
Alfonso Colin Cooley,ACC0042,23,19,37,20,31,YNR2544,0.0,0.0,0.0
Arsenio Kato Wilder,AKW0167,38,38,20,14,35,VDH0766,0.0,0.0,0.0
Kirk Palmer Rosales,KPR0497,50,43,43,20,29,SMB0804,0.0,90945208.0,0.0
Amaya Britanni Newton,ABN0239,21,37,20,39,25,CCH1508,0.0,0.0,0.0
Colton Kaseem Bolton,CKB0482,36,48,37,46,25,KLM2448,0.0,0.0,0.0
Alfreda Morgan Holloway,AMH0464,45,16,42,37,21,LGF1503,0.0,0.0,0.0
Quinn Coby Hays,QCH0110,34,35,17,37,27,CPG0322,0.0,149669166.0,0.0
Sara Gail George,SGG0787,14,27,10,20,31,DRF3306,0.0,0.0,0.0
Sarah Imelda Juarez,SIJ0661,40,17,14,15,21,STR1769,863.0,0.0,0.0
Byron Tyrone Williamson,BTW0005,33,39,18,18,27,SCR2455,0.0,0.0,112.0
Risa Laura Bolton,RLB0719,14,18,15,40,35,ILY3152,40.0,0.0,733.0
William Damian Oconnor,WDO0870,23,21,14,13,25,MBW0809,0.0,7646594.0,0.0
Kaden Chastity Briggs,KCB0815,16,40,18,36,31,XHG0902,0.0,30653431.0,0.0
Vincent Calvin Young,VCY0751,37,24,39,19,25,BCR0581,0.0,9848121.0,0.0
Brock Aladdin Joyce,BAJ0654,36,10,47,10,41,BHS1917,0.0,0.0,0.0
Madonna Kristen Love,MKL0941,16,26,20,38,30,BRR2899,0.0,0.0,0.0
Elijah Gary Diaz,EGD0409,39,40,22,35,33,HMC0592,0.0,0.0,0.0
Dale Benjamin Sharpe,DBS0235,30,38,18,37,33,BBV3875,0.0,0.0,0.0
Jael Jennifer Hansen,JJH0613,50,30,24,14,26,KSS2068,0.0,0.0,0.0
Ulric Ferdinand Knapp,UFK0208,18,34,22,23,30,FHS0837,0.0,9954407.0,0.0
Brent Laith Beck,BLB0114,38,48,41,15,22,YJR1149,0.0,0.0,0.0
Cheyenne Kay Dickerson,CKD0680,18,50,24,18,28,RCF2057,0.0,0.0,0.0
Myra Kay Greer,MKG0711,17,26,43,32,38,JJH0681,15.0,0.0,0.0
Edward Dean Anthony,EDA0684,38,42,40,39,33,BDI0533,0.0,38774243.0,0.0
Illana Isabelle Lamb,IIL0513,37,13,26,38,34,MHH0180,0.0,24304158.0,0.0
TaShya Savannah Mcgowan,TSM0363,34,19,20,39,33,JDR0436,0.0,0.0,0.0
Price Bevis Pittman,PBP0002,49,35,23,10,27,ATP0662,0.0,152441115.0,0.0
Louis Hyatt Bruce,LHB0606,37,38,15,27,27,BDP0031,0.0,0.0,145.0
Guy Tad Daniel,GTD0898,23,23,39,15,29,SVM0077,0.0,0.0,0.0
Calvin Jarrod Hood,CJH0702,46,24,30,25,37,RJM3227,0.0,0.0,0.0
Desirae Mari Koch,DMK0257,33,20,26,26,30,TSB0437,0.0,30339212.0,0.0
Willow Iliana Quinn,WIQ0567,25,41,10,47,39,JRL2365,0.0,0.0,0.0
Peter Tad Hartman,PTH0830,43,44,42,43,34,KRV0372,0.0,111227957.0,0.0
Nicholas Cade Owen,NCO0666,40,45,10,12,31,SOM2865,0.0,0.0,125.0
Maxwell Hammett Green,MHG0733,43,30,24,42,29,WVC3623,0.0,0.0,0.0
Robert Ali Webb,RAW0915,43,50,21,43,24,TJD0106,0.0,0.0,183.0
Hillary Ainsley Mccormick,HAM0985,20,17,29,16,20,RJS0846,0.0,0.0,0.0
Serina Ariana Butler,SAB0781,36,35,24,30,28,RDA3381,0.0,0.0,391.0
Ira Benjamin Mays,IBM0671,50,46,38,35,31,EJW0884,0.0,30037332.0,0.0
Yasir Dexter Nelson,YDN0198,45,50,41,11,24,RVV0317,0.0,0.0,169.0
Grace Alma Fry,GAF0060,41,16,39,25,22,MDG2418,71.0,0.0,0.0
Alec Mannix Mcneil,AMM0014,48,38,15,44,36,FFC0891,0.0,16630492.0,0.0
Aquila Mark Vega,AMV0036,43,36,42,37,26,ZJS2648,29.0,0.0,0.0
Merritt Oliver Phelps,MOP0763,43,41,22,20,33,HCR3675,0.0,0.0,0.0
Callum Brendan Gonzalez,CBG0490,50,31,35,10,29,NLN0673,0.0,0.0,0.0
Cameron Noel Elliott,CNE0352,39,22,44,15,30,NBH0256,0.0,89820574.0,0.0
Gil Quincy Potter,GQP0743,47,39,19,39,25,JKH3673,0.0,0.0,0.0
Philip Travis Hartman,PTH0552,20,13,32,20,28,QFP3467,0.0,0.0,3067.0
Garrison Levi Rollins,GLR0975,33,44,26,24,24,GJG1087,0.0,0.0,0.0
Gareth Thomas Dickson,GTD0219,40,40,19,30,33,JMG3704,0.0,0.0,0.0
Blossom Keiko Weiss,BKW0374,41,38,17,46,27,SJS0323,0.0,0.0,0.0
Constance Audrey Hicks,CAH0936,40,22,39,50,24,SHW0578,0.0,9716968.0,0.0
Althea Ina Palmer,AIP0982,43,20,43,41,33,BKR3146,0.0,0.0,0.0
Kennedy Robert Vega,KRV0372,40,39,25,35,32,LHN0151,0.0,50135342.0,0.0
Ivor Amir Tucker,IAT0263,28,23,30,30,27,CLS3806,0.0,0.0,0.0
Jocelyn Brenna Daniels,JBD0616,40,21,25,37,27,CWC0490,0.0,0.0,0.0
Roary Ursa Massey,RUM0880,40,37,17,38,26,NBL0182,0.0,0.0,0.0
Declan Gareth Mclaughlin,DGM0754,42,18,42,24,24,JBM0350,0.0,142871323.0,0.0
Savannah Marcia Yang,SMY0792,43,37,39,42,25,KBP2753,0.0,0.0,0.0
Harrison Oscar Burke,HOB0994,38,39,15,43,33,DRK3644,0.0,0.0,0.0
Donovan Garth Nieves,DGN0480,21,25,44,20,31,SJD3032,0.0,0.0,0.0
Kirk Jakeem Joyce,KJJ0293,41,42,23,39,33,DAG0558,0.0,89251538.0,0.0
Justin Xerxes Hansen,JXH0493,36,32,23,15,31,RCJ0557,0.0,0.0,0.0
Peter Gil Harrington,PGH0184,30,35,33,22,25,KAD0884,0.0,0.0,0.0
Josiah Preston Wall,JPW0741,40,38,44,30,33,ROH3778,0.0,0.0,0.0
Nichole Melodie Gilbert,NMG0766,16,23,42,40,31,RTS2009,0.0,0.0,171.0
Heidi Mia Wilson,HMW0713,38,24,40,36,28,TVS0520,0.0,0.0,3077.0
Malik Adrian Hebert,MAH0864,30,46,25,20,25,WDD0499,0.0,0.0,0.0
Quentin Nolan Fitzpatrick,QNF0205,35,41,22,21,29,SBG3983,49.0,0.0,0.0
Keane Kennan Watts,KKW0879,36,42,21,31,27,ESH2077,0.0,0.0,129.0
Thaddeus Emery Martin,TEM0093,28,24,45,14,30,SZB0321,0.0,0.0,0.0
Reuben Victor Freeman,RVF0201,36,32,38,29,28,EHD1744,0.0,0.0,114.0
Tobias Martin Ashley,TMA0069,33,38,42,14,33,COD2351,0.0,0.0,0.0
Vernon Finn Mcgee,VFM0814,46,45,44,19,28,STC2042,0.0,0.0,0.0
Salvador Byron Norton,SBN0866,41,34,41,24,22,DMB1429,0.0,0.0,1056.0
Zenaida Justine England,ZJE0857,35,34,36,38,31,CHH3583,0.0,0.0,0.0
Hasad Paki Mcfadden,HPM0986,41,36,38,23,24,CMD0613,0.0,0.0,0.0
Cody Jonathan Potter,CJP0952,45,18,25,18,27,PHB2209,0.0,0.0,0.0
Dante Raja Roberts,DRR0162,45,36,20,36,29,AAD3030,0.0,0.0,0.0
Evelyn Sarah Reilly,ESR0693,35,23,25,21,31,IDL2014,0.0,0.0,0.0
Colt Walter Reynolds,CWR0502,41,49,25,45,27,AHD0848,0.0,11207740.0,0.0
Summer Leilani Boyer,SLB0049,14,27,16,22,20,HNB2571,22.0,0.0,3059.0
Ira Dustin Oneill,IDO0176,34,39,40,24,26,DMC1766,889.0,0.0,0.0
Alfonso Gage Blankenship,AGB0186,18,10,41,15,35,XTB3322,0.0,0.0,0.0
Roary Jane Barrett,RJB0088,20,42,37,45,24,IWR3469,0.0,0.0,0.0
Oren Curran Brady,OCB0805,37,33,42,16,18,HKI0171,0.0,148365869.0,0.0
Elton Tyler Richard,ETR0428,36,21,40,20,20,NHR2050,0.0,0.0,0.0
Ivana Kaitlin Parsons,IKP0472,32,10,37,38,31,SHG1281,0.0,0.0,0.0
Leo Hasad Byrd,LHB0967,37,38,41,47,33,SBT2281,0.0,0.0,0.0
Chester Caldwell Mendoza,CCM0467,43,40,19,26,25,GND1618,0.0,0.0,0.0
Gage Kaden Odonnell,GKO0078,44,46,21,24,29,IOM0542,0.0,0.0,0.0
Garrett Nicholas Solomon,GNS0178,30,17,42,26,33,OJR2085,0.0,0.0,1022.0
Sybill Sage Shaw,SSS0345,40,21,38,16,20,MNP0290,0.0,0.0,0.0
Lane Oleg Mclaughlin,LOM0086,18,10,34,23,33,ACC0042,0.0,110360033.0,0.0
Simone Scarlet Rose,SSR0278,34,32,45,15,24,GKL1516,0.0,0.0,0.0
Adena Lisandra Hardin,ALH0402,43,23,43,46,32,CTJ2794,0.0,0.0,0.0
Anastasia Kylan Kaufman,AKK0329,45,22,25,39,22,JMG3365,0.0,0.0,0.0
Eugenia Whilemina Harrington,EWH0191,33,17,22,23,27,RHB1721,0.0,0.0,0.0
Todd Vance Spears,TVS0050,40,38,18,30,29,MMD2022,0.0,0.0,0.0
Troy Uriah Conway,TUC0632,38,44,10,13,31,TDS0984,0.0,111752304.0,0.0
Sonia Karly Goodwin,SKG0759,22,15,43,41,26,KBC0578,0.0,0.0,0.0
Isabella Marah Graham,IMG0320,37,14,12,24,23,JAA0897,0.0,0.0,0.0
Blair Bruno Grimes,BBG0325,41,50,30,37,40,GNB3337,0.0,0.0,0.0
Chanda Tamekah William,CTW0500,38,36,20,35,35,AMH1481,0.0,0.0,0.0
Sonya Beatrice Nichols,SBN0495,39,22,43,24,21,EPC3889,0.0,0.0,0.0
Emerald Lysandra Hodges,ELH0960,40,43,26,41,22,JEM0546,0.0,0.0,3849.0
Brynn Madeline Sherman,BMS0877,31,50,11,43,33,DNB1999,0.0,0.0,0.0
Thomas Shad Guthrie,TSG0906,41,21,40,28,28,GAC2529,0.0,0.0,0.0
Rebecca Kelsie Daugherty,RKD0604,17,46,36,38,31,GDF3524,0.0,0.0,0.0
Jakeem Magee Knight,JMK0099,40,37,41,41,25,TTL3088,15.0,0.0,137.0
Macon Kyle Pope,MKP0861,36,42,39,34,29,TCH2216,0.0,0.0,712.0
Honorato Ivan Wall,HIW0536,39,50,25,24,20,SST1661,0.0,0.0,399.0
Cherokee Tashya Ramirez,CTR0697,36,15,33,25,34,CVB2703,0.0,0.0,0.0
Blaine Helen Cervantes,BHC0665,14,21,12,12,32,DER0400,0.0,0.0,0.0
Dominic Calvin Hewitt,DCH0843,20,31,11,18,36,SGM2153,0.0,0.0,0.0
Wade Ira Frazier,WIF0691,33,39,37,30,24,KLP3864,74.0,0.0,162.0
Hanae Wendy Meyer,HWM0342,45,44,41,39,34,KAA2259,0.0,0.0,0.0
Mufutau Nehru Contreras,MNC0717,30,37,22,22,34,JZE2902,0.0,0.0,234.0
Abel Reese Boone,ARB0881,38,46,43,10,35,APM0190,0.0,0.0,0.0
Azalia Halee Cantu,AHC0142,34,23,40,15,26,CAS0507,0.0,30541847.0,0.0
Zenia Freya Macias,ZFM0468,35,16,20,45,30,SAR1883,0.0,0.0,0.0
Delilah Iliana Wilkinson,DIW0118,37,17,19,37,26,DTH1333,30.0,0.0,97.0
Upton Sebastian Holt,USH0199,44,39,46,36,25,GBH1126,0.0,0.0,0.0
Mallory Alexis Daniel,MAD0753,50,30,36,41,33,DBH1596,0.0,0.0,384.0
Kim Dara Sullivan,KDS0349,18,23,20,32,29,AFF1492,0.0,0.0,0.0
Laith Jason Britt,LJB0826,38,21,39,15,32,BDM3662,0.0,0.0,0.0
Farrah Kim Keith,FKK0055,46,16,37,16,27,TGP1343,0.0,0.0,3088.0
Tara Alma Potts,TAP0551,25,17,27,20,22,QGS3009,0.0,0.0,0.0
Fletcher Perry Cantu,FPC0954,22,25,50,20,27,FNW3564,0.0,0.0,2124.0
Galena Britanney Merritt,GBM0603,39,42,42,24,37,XHG0902,0.0,30653431.0,0.0
Casey Xerxes Conrad,CXC0336,23,19,34,35,34,DAH3324,0.0,0.0,0.0
Hakeem Mason Mccall,HMM0108,33,41,17,43,25,BUW2717,0.0,0.0,0.0
Fritz Dale Ellison,FDE0117,38,37,32,41,28,GKG3414,0.0,0.0,146.0
Fatima Ulla Mcclure,FUM0015,33,18,18,46,32,LGF1503,0.0,0.0,0.0
Nelle April Bowen,NAB0801,28,34,10,41,29,WAA2573,0.0,0.0,0.0
Geoffrey Jin Tucker,GJT0386,24,13,49,34,26,CMT0267,0.0,0.0,121.0
Kathleen Aline Chan,KAC0124,33,14,30,18,33,BTG3468,0.0,0.0,0.0
Raymond Gray Hyde,RGH0728,19,20,37,18,29,REJ2666,0.0,0.0,3170.0
Charde Cynthia Rasmussen,CCR0863,20,30,37,14,29,TDM3135,0.0,0.0,822.0
Tiger Tucker Dawson,TTD1000,34,34,24,40,29,JDV1245,0.0,0.0,135.0
Oleg Kane Britt,OKB0439,41,42,30,25,27,HKR0628,0.0,149515634.0,0.0
Xander Aaron Acevedo,XAA0104,41,40,14,38,42,JCS0380,0.0,0.0,0.0
Reuben Fulton Pugh,RFP0380,39,39,20,20,32,SST1661,0.0,0.0,399.0
Josiah Thaddeus Stewart,JTS0389,31,36,11,44,32,FGG3666,0.0,0.0,0.0
Cameran Madonna Shepard,CMS0454,43,23,28,15,25,DMK0257,0.0,90266204.0,0.0
Jaden Kylan Buckley,JKB0126,43,24,19,33,28,DFW1467,0.0,0.0,0.0
Lillith Adena Matthews,LAM0911,42,43,27,38,22,FSM0056,0.0,0.0,713.0
Grady Craig Coffey,GCC0744,35,42,15,25,31,KGS3466,0.0,0.0,0.0
Colin Lawrence Holder,CLH0703,48,41,47,28,29,NQO2712,0.0,0.0,3069.0
Keely Mollie Weiss,KMW0545,19,16,18,23,32,DEN0236,0.0,0.0,0.0
Piper Sasha Fuentes,PSF0133,42,40,11,36,33,KVS0425,0.0,89824004.0,0.0
Nathaniel Hunter Heath,NHH0185,41,43,19,21,33,FQL3629,0.0,0.0,0.0
Nehru Cyrus Everett,NCE0097,48,36,20,11,35,LGM2170,0.0,0.0,0.0
Camilla Camille Leach,CCL0068,13,16,23,19,23,KJC1419,0.0,0.0,0.0
Anne Jane Carey,AJC0840,14,24,19,33,37,KCD0181,0.0,0.0,0.0
George Cade Chen,GCC0945,30,39,18,25,27,FDV1224,0.0,0.0,157.0
Noah Andrew Beck,NAB0903,44,30,19,30,37,JFR3527,0.0,0.0,0.0
Alice Orli Stout,AOS0987,16,32,40,30,27,MNS1394,0.0,0.0,0.0
Jana Amanda Dorsey,JAD0609,18,23,26,36,33,RBB0485,0.0,150880703.0,0.0
Alea Maggie Whitfield,AMW0392,47,47,22,44,26,JEM0546,0.0,0.0,3849.0
Fay Ingrid Rodriquez,FIR0920,40,11,44,20,27,FSP0703,0.0,0.0,0.0
Rowan Neve Parks,RNP0211,39,15,25,40,30,SSS3091,0.0,0.0,780.0
Rose Hanae Yates,RHY0079,20,19,14,21,26,TDC3116,0.0,0.0,0.0
Chiquita Linda Stokes,CLS0296,27,16,25,18,33,PMG2513,0.0,0.0,0.0
Julian Samson Allen,JSA0775,50,46,42,19,33,LXE2139,0.0,0.0,130.0
Rina Denise Mcgee,RDM0115,42,17,39,15,30,PID0426,0.0,90061664.0,0.0
Joel Kennan Mccarty,JKM0303,46,10,44,15,35,DMR2518,0.0,0.0,0.0
Irene Jemima Meyers,IJM0139,45,17,15,30,35,MEC0781,0.0,0.0,399.0
September Vielka Livingston,SVL0940,15,42,26,15,34,VKT2228,0.0,0.0,0.0
Lacota Dahlia Good,LDG0459,20,41,10,50,34,ZJA2373,0.0,0.0,0.0
Raymond Otto Bond,ROB0272,39,45,23,41,34,DIW1749,0.0,0.0,0.0
Lamar Nissim Strickland,LNS0989,34,38,45,30,31,HBH2368,0.0,0.0,0.0
Charissa Nyssa Mcgee,CNM0800,32,11,40,38,24,SIJ0661,0.0,142432139.0,0.0
Halla Germaine Nolan,HGN0287,45,30,18,18,27,ALP2955,0.0,0.0,0.0
Kay Maxine Skinner,KMS0657,17,31,21,17,29,CIS3505,0.0,0.0,0.0
Beverly Melissa Garner,BMG0917,43,36,41,23,34,KDT1190,0.0,0.0,0.0
Hollee Vanna Becker,HVB0037,17,42,41,44,26,ESH2077,0.0,0.0,129.0
Phelan Nissim Howell,PNH0761,36,49,27,32,30,ADF0397,0.0,90342888.0,0.0
Jackson Linus Wilkerson,JLW0053,42,41,18,38,31,SJW0184,0.0,0.0,0.0
Justine Nola Adkins,JNA0559,10,10,41,10,31,CAM0102,0.0,91334857.0,0.0
Orla Yolanda Middleton,OYM0026,23,26,18,36,28,JBW2054,0.0,0.0,0.0
Naida Imelda Hughes,NIH0969,43,25,43,22,22,LTF3385,0.0,0.0,0.0
Rogan Chandler Coffey,RCC0617,33,50,13,12,27,AMS0712,0.0,0.0,397.0
Grady Jordan Duran,GJD0298,43,39,12,40,27,KBG2061,0.0,0.0,0.0
Marcia Lillian Lynn,MLL0598,44,17,23,49,29,MML2045,0.0,0.0,0.0
Daria Samantha Mcbride,DSM0591,20,35,18,43,35,SCM0778,0.0,0.0,0.0
Bernard Tobias Landry,BTL0226,36,44,37,38,31,AAV3669,0.0,0.0,0.0
Selma Barbara Nicholson,SBN0971,41,40,17,47,30,KDR3234,91.0,0.0,0.0
Camilla Claire Whitehead,CCW0524,40,25,20,21,25,WYC2416,0.0,0.0,0.0
Ira Wyatt Moss,IWM0816,35,42,50,44,28,JTS2090,0.0,0.0,0.0
John Omar Lancaster,JOL0024,50,40,24,21,29,PJM3025,0.0,0.0,0.0
Ella Nita Lewis,ENL0100,39,18,42,35,21,VTT0385,0.0,88847422.0,0.0
Talon Ian Ware,TIW0299,34,19,19,12,31,DHG1830,0.0,0.0,3086.0
Zachery Samson Kerr,ZSK0258,38,35,21,37,25,SAP0867,0.0,64354340.0,0.0
Chaim Grant Fernandez,CGF0337,32,30,43,15,31,SJB2984,0.0,0.0,0.0
Erich Harding Bryant,EHB0420,45,42,38,17,20,PKH0730,0.0,0.0,0.0
Rhona Germane Nelson,RGN0408,11,21,22,22,32,IRB2456,0.0,0.0,0.0
Frances Hermione Owens,FHO0630,28,44,23,12,26,GMC1209,0.0,0.0,0.0
Jescie Kristen Jenkins,JKJ0698,16,38,16,22,28,JCS2391,0.0,0.0,708.0
Shana Callie Ferguson,SCF0608,35,18,42,42,36,USD0600,0.0,0.0,0.0
Blythe Veda Cooke,BVC0790,24,18,18,36,38,NBD2469,0.0,0.0,0.0
Noel Reagan Foster,NRF0137,10,49,38,17,32,ZJE0857,0.0,161684652.0,0.0
Hashim Damon Dudley,HDD0789,44,39,30,10,29,HLO2756,53.0,0.0,0.0
Irma Eugenia Booker,IEB0153,44,25,39,24,36,RBB0485,0.0,150880703.0,0.0
Idola Carly Haley,ICH0294,32,27,20,40,26,SOF0808,0.0,90286152.0,0.0
Zena Sigourney Langley,ZSL0305,21,26,18,41,32,GER1997,43.0,0.0,0.0
Ann Jolie Potts,AJP0723,24,29,17,12,29,HBO0413,0.0,84503613.0,0.0
Galena Deborah Francis,GDF0704,25,13,21,29,36,DKR0027,0.0,0.0,0.0
Thor Jameson Diaz,TJD0996,34,22,42,16,32,GRC0145,0.0,108439660.0,0.0
Ocean Maite Summers,OMS0101,20,12,21,22,29,BGN3820,0.0,0.0,0.0
Bevis Christopher Mcknight,BCM0653,45,34,41,18,31,AAB0398,0.0,0.0,0.0
Brett Damian Beck,BDB0453,41,42,27,41,26,SAL2493,0.0,0.0,0.0
Nash Conan Knight,NCK0421,40,41,18,43,24,LQW0555,0.0,0.0,0.0
Lunea Priscilla Hardy,LPH0572,40,13,17,38,36,VTT0385,0.0,88847422.0,0.0
Meredith Florence Valdez,MFV0897,18,13,23,25,33,IMP0530,0.0,30515429.0,0.0
Myles August Heath,MAH0149,41,39,38,27,40,RCF0054,0.0,0.0,367.0
Ella Cassandra Rivera,ECR0822,16,19,17,23,29,TAN2642,0.0,0.0,0.0
Preston Odysseus Bryan,POB0343,46,19,44,27,34,AVM0947,0.0,10293620.0,0.0
Iris Rhea Terrell,IRT0491,17,30,27,41,32,NAF0033,0.0,141547473.0,0.0
Halla Kendall Irwin,HKI0171,31,17,30,45,27,EDB0714,0.0,7996565.0,0.0
Deanna Imelda Blanchard,DIB0285,13,45,17,50,29,MRC2160,0.0,0.0,0.0
Imani Aubrey Ray,IAR0694,12,17,44,40,34,SJG1194,0.0,0.0,0.0
Cora Maisie Mclean,CMM0487,39,22,42,40,30,GMH2027,0.0,0.0,0.0
Leslie Cassandra Colon,LCC0819,32,14,11,15,27,JDB3127,0.0,0.0,0.0
Armand Gabriel Brewer,AGB0643,32,39,20,44,27,AED1421,52.0,0.0,3068.0
Portia Illana David,PID0426,43,19,39,44,23,QIT3029,0.0,0.0,0.0
Hadley Leandra May,HLM0933,36,24,23,43,30,MDH0686,0.0,120170384.0,0.0
Keaton Ronan Leonard,KRL0062,37,16,17,20,33,DCM3288,0.0,0.0,0.0
Meghan Phoebe Macias,MPM0220,35,20,42,22,20,LLV0602,0.0,152229006.0,0.0
Jonah Dakota Bird,JDB0169,20,14,23,48,33,SAB1954,80.0,0.0,161.0
Amal Alexander Shelton,AAS0442,36,43,22,22,31,KKS3790,0.0,0.0,0.0
Zorita Jaime Spears,ZJS0269,30,34,16,35,27,LJT0817,0.0,90972269.0,0.0
Cleo Jeanette Morales,CJM0521,13,18,37,18,24,MCF0600,0.0,7130837.0,0.0
Morgan Deborah Hoover,MDH0580,41,37,18,40,31,KOE0908,0.0,0.0,0.0
Jackson Rafael Sutton,JRS0362,50,50,14,37,24,EKH0934,0.0,0.0,0.0
Wynne Xyla Hartman,WXH0872,17,20,19,21,25,LNR0656,0.0,30530908.0,0.0
Montana Hannah Arnold,MHA0798,11,27,17,22,40,VTK2978,61.0,0.0,710.0
Jane Zia Day,JZD0888,20,20,30,14,30,NNB3989,0.0,0.0,0.0
Hedwig Dai Duffy,HDD0806,47,28,36,19,38,VAB1526,93.0,0.0,375.0
Bruce Sawyer Barrera,BSB0990,34,44,13,43,37,TTL3088,15.0,0.0,137.0
Amy Lucy Chen,ALC0788,34,18,15,36,35,UIM2818,0.0,0.0,0.0
Jonas Connor Riddle,JCR0921,47,46,31,40,34,EBD2562,0.0,0.0,391.0
Rogan Reuben Alexander,RRA0938,35,36,21,38,29,DMA3455,0.0,0.0,0.0
Seth Harlan Walls,SHW0578,39,42,14,49,31,HMS2212,0.0,0.0,0.0
Gil Calvin Lindsay,GCL0016,45,32,20,24,34,ACB3123,44.0,0.0,0.0
Garrett Omar Kelly,GOK0238,33,43,27,40,33,OHM1030,0.0,0.0,0.0
Buckminster Connor Bush,BCB0679,46,36,39,31,31,ACR0748,0.0,0.0,0.0
Ivor Herrod Kaufman,IHK0841,35,23,41,28,29,MDH3639,0.0,0.0,0.0
Sawyer Arden Puckett,SAP0867,13,25,43,19,30,BDP3912,0.0,0.0,121.0
Alma Leila Duncan,ALD0529,35,21,19,21,27,NAH3759,0.0,0.0,0.0
Kenyon Raja Galloway,KRG0158,34,38,42,14,27,TSR0676,0.0,91761151.0,0.0
Teegan Jillian Burris,TJB0302,42,47,24,40,29,SRS0231,0.0,89475122.0,0.0
Ivan Levi Craig,ILC0838,40,36,42,16,33,LRT0447,0.0,0.0,0.0
Renee Ivana Hayden,RIH0777,26,44,19,16,27,DKB0631,0.0,30230361.0,0.0
Hermione Casey Witt,HCW0419,40,21,35,34,35,SEN0534,0.0,0.0,0.0
Demetrius Alvin Levy,DAL0673,39,35,46,41,36,EGD0132,0.0,5618441.0,0.0
Roth Mannix Simon,RMS0266,33,40,25,23,37,FCM2190,0.0,0.0,357.0
Kibo Dolan Turner,KDT0346,36,41,10,22,33,KDA1452,0.0,0.0,0.0
Kay Alexa Logan,KAL0395,13,24,22,28,29,JHH3462,0.0,0.0,0.0
Abdul Ralph Deleon,ARD0509,50,40,35,32,32,IMP0530,0.0,30515429.0,0.0
Blair Todd Long,BTL0722,39,41,36,17,49,EMC3609,0.0,0.0,0.0
Whilemina Pandora England,WPE0538,21,16,23,22,35,ADM1894,0.0,0.0,0.0
Candice Lunea Fischer,CLF0852,36,45,28,18,26,OMM0944,0.0,10435537.0,0.0
Honorato Joseph Adkins,HJA0018,39,43,47,37,32,DAD1785,0.0,0.0,18.0
Mariko Ivana Mckee,MIM0712,16,15,39,23,22,LDG0459,0.0,9941829.0,0.0
Casey Edward Joyce,CEJ0109,21,46,17,17,32,UKC0543,0.0,0.0,2827.0
Jeanette Cally Whitfield,JCW0858,14,35,22,41,39,DHS2419,57.0,0.0,0.0
Daria Felicia Rowland,DFR0218,45,14,22,37,27,DXM2433,883.0,0.0,0.0
Byron Armand Livingston,BAL0044,14,41,26,44,30,DWD2621,0.0,0.0,692.0
Ashely Sarah Shields,ASS0206,12,18,20,28,30,THG3271,0.0,0.0,0.0
Isaiah Upton Buchanan,IUB0565,44,39,35,22,30,MMJ0070,0.0,0.0,0.0
Alec Scott Goff,ASG0048,41,36,19,24,37,JJH0613,0.0,151369972.0,0.0
Tyler Eden Talley,TET0621,30,37,44,32,27,CSW3811,0.0,0.0,0.0
Alexander Rafael Arnold,ARA0252,39,39,27,21,35,GJO3614,0.0,0.0,0.0
Axel Malik Rosa,AMR0318,45,50,17,25,21,HCB1643,0.0,0.0,0.0
William Trevor Fuentes,WTF0387,40,23,40,25,24,TAM3048,1151.0,0.0,0.0
Akeem Jerry Lopez,AJL0462,16,24,44,31,28,ZDC3269,52.0,0.0,0.0
Skyler Deborah Frazier,SDF0017,11,40,39,18,30,DHB2364,0.0,0.0,0.0
Raven Deirdre Morrison,RDM0150,39,15,37,26,30,SIR3201,0.0,0.0,0.0
Hiroko Kiona Faulkner,HKF0831,23,42,49,21,24,ELC1833,0.0,0.0,0.0
Dustin Gage Franco,DGF0443,39,44,18,28,33,XHG0902,0.0,30653431.0,0.0
Cora Aurora Buckner,CAB0614,17,38,22,12,34,TPM0234,0.0,0.0,0.0
Devin Brett Guzman,DBG0261,45,47,17,36,28,GDF3524,0.0,0.0,0.0
Zeph Dakota Wilkerson,ZDW0859,39,45,26,41,32,DHL2219,0.0,0.0,1067.0
Ulric Colt Holt,UCH0519,33,40,20,47,28,MBJ0312,0.0,151705204.0,0.0
Caesar Allen Cash,CAC0889,46,49,32,41,27,BKC2698,0.0,0.0,0.0
Ezra Hilel Dyer,EHD0584,38,40,42,43,22,IAA3012,0.0,0.0,0.0
Oscar Laith Berger,OLB0749,43,35,20,39,36,RNP0211,0.0,140471544.0,0.0
Brock William Hunter,BWH0813,36,36,33,20,30,JJJ1267,0.0,0.0,0.0
Dorothy Marny Goff,DMG0358,19,39,14,25,29,HMW0713,0.0,9860566.0,0.0
Magee Ashton Evans,MAE0331,36,39,18,12,28,VAR3559,0.0,0.0,0.0
Ainsley MacKensie Doyle,AMD0077,23,19,12,25,25,SMH2222,0.0,0.0,0.0
Xanthus Louis Buck,XLB0710,46,38,39,36,20,FDT0213,0.0,0.0,0.0
Deirdre Amaya Garcia,DAG0558,20,16,37,25,26,XWD0923,0.0,73693316.0,0.0
Whilemina Liberty Velez,WLV0566,10,19,38,24,39,HBO0413,0.0,84503613.0,0.0
Eugenia Hannah Blanchard,EHB0824,46,39,22,44,31,NCE0097,0.0,91271246.0,0.0
Fuller Baker Warner,FBW0747,43,45,35,25,28,DAB0166,0.0,0.0,0.0
Stuart Nicolas Cervantes,SNC0187,40,41,42,30,27,VWV1249,0.0,0.0,0.0
Ira Brendan Ball,IBB0359,48,33,21,43,38,KNM0423,0.0,0.0,0.0
Ramona Alma Moses,RAM0447,35,12,23,45,39,AEG1121,0.0,0.0,0.0
Alden Jesse Day,AJD0074,19,37,45,22,34,SJD3032,0.0,0.0,0.0
Megan Simone Hess,MSH0040,41,11,44,27,31,MSR3709,0.0,0.0,0.0
Quyn Jolie Rosario,QJR0688,19,18,22,26,35,MNB2570,0.0,0.0,0.0
Hilel Tobias Flynn,HTF0641,38,24,18,22,28,HWV1621,0.0,0.0,0.0
Rosalyn Daphne Tillman,RDT0424,38,44,19,34,28,SGB0140,0.0,9906070.0,0.0
Xenos Rudyard Small,XRS0633,34,39,39,40,23,GUC0473,0.0,0.0,0.0
Risa Lana Guthrie,RLG0856,18,36,42,18,26,YSC1691,0.0,0.0,0.0
Meredith Lunea Delaney,MLD0755,24,18,19,43,37,DJS1271,0.0,0.0,0.0
Mariko Olga Snyder,MOS0047,49,39,24,34,23,SDF3082,0.0,0.0,0.0
Emerson Tyrone Rojas,ETR0177,18,15,41,26,39,KWE0082,0.0,91146801.0,0.0
Ruth Yael Burris,RYB0718,19,18,42,13,21,PPT3162,0.0,0.0,0.0
August Armando Evans,AAE0190,36,30,14,50,29,LLS0222,0.0,0.0,0.0
Nicolas Alvin Fitzpatrick,NAF0033,34,40,19,35,29,DWD2621,0.0,0.0,692.0
Deborah Victoria Mcclure,DVM0265,47,40,10,24,31,GLR3888,0.0,0.0,0.0
Jolene Frances Carey,JFC0757,31,21,38,36,38,BXR3536,0.0,0.0,0.0
Azalia Orli Beach,AOB0019,11,17,13,24,28,CLE3098,0.0,0.0,0.0
Anika Isabella Pennington,AIP0394,17,16,38,14,26,TCB0550,0.0,0.0,368.0
Jin Jonathan Buckley,JJB0127,26,21,38,30,32,TNV3213,0.0,0.0,0.0
Mallory Carol Spence,MCS0035,42,17,38,15,33,PJP2632,0.0,0.0,0.0
Alec Boris Chase,ABC0253,21,15,41,30,28,CNM0800,0.0,88611163.0,0.0
Tasha Quail Sanchez,TQS0212,14,42,45,20,27,JGR2327,0.0,0.0,0.0
Roanna Sacha Monroe,RSM0277,37,38,20,50,22,ROB0272,0.0,89744122.0,0.0
Jeanette Eliana Rivera,JER0404,38,46,18,16,30,MTB0620,0.0,150839303.0,0.0
Chastity Ima Gibson,CIG0052,17,45,17,16,24,GKH1634,0.0,0.0,0.0
Igor Ishmael Ward,IIW0249,39,36,43,38,28,MDG3281,0.0,0.0,0.0
Hector Vance Foster,HVF0067,44,35,22,43,41,RHL0992,0.0,47013802.0,0.0
Hayes William Wheeler,HWW0436,45,37,23,27,33,WMR2625,0.0,0.0,0.0
Plato Ethan Valdez,PEV0323,47,34,40,22,29,SJW0184,0.0,0.0,0.0
Pearl Georgia Owen,PGO0433,44,40,19,46,35,FCM2190,0.0,0.0,357.0
Mallory Virginia Bender,MVB0515,38,14,33,31,28,ZAW3833,0.0,0.0,0.0
Timon Jacob Gay,TJG0582,42,50,18,15,29,IWG0058,0.0,0.0,464.0
Sasha Rina Huffman,SRH0155,34,14,37,45,28,CCT2165,0.0,0.0,499.0
Ian Jonas Morrow,IJM0444,36,35,39,35,26,VJM1336,0.0,0.0,0.0
Colt Ishmael Mccall,CIM0271,24,27,10,20,38,CCM0467,0.0,9871432.0,0.0
Cameron Shay Lester,CSL0949,36,20,18,25,28,ACH1405,0.0,0.0,0.0
Anthony Aidan Nixon,AAN0823,24,16,45,24,28,ABB0167,0.0,0.0,0.0
Jonathan Gary Terry,JGT0221,45,30,16,40,18,MBA2092,0.0,0.0,0.0
Adam Kendall Harrell,AKH0758,24,38,40,37,27,CCT2165,0.0,0.0,499.0
Harrison Samuel Gonzales,HSG0818,18,19,48,36,31,BXN0660,0.0,0.0,0.0
Mercedes Ina Landry,MIL0255,38,16,39,21,27,RAS0356,0.0,0.0,0.0
Jared Geoffrey Morin,JGM0934,30,22,41,22,31,SGP2174,0.0,0.0,0.0
Kermit Coby Oliver,KCO0122,30,32,26,38,33,ACR0748,0.0,0.0,0.0
Scott Gary Burks,SGB0140,50,45,40,16,24,GBM0603,0.0,138794883.0,0.0
Nichole Azalia Frye,NAF0326,33,15,25,20,30,GJT0386,0.0,88928278.0,0.0
Igor Ulric Yang,IUY0279,38,38,17,21,29,HBC0999,107.0,0.0,0.0
Eve Isadora Mckenzie,EIM0156,19,31,43,45,33,FKH0804,0.0,0.0,0.0
Alan Benjamin Holder,ABH0663,47,49,41,11,34,IKA2925,0.0,0.0,0.0
Eagan Zephania Talley,EZT0640,12,15,27,39,27,CRH3848,0.0,0.0,0.0
Beatrice Alexis Kidd,BAK0964,25,16,22,18,28,CJC1433,0.0,0.0,758.0
Jack Carlos Cannon,JCC0225,47,45,40,15,18,KJR3538,0.0,0.0,0.0
Erich Malik Wolf,EMW0105,35,40,17,41,34,KMB1379,0.0,0.0,0.0
Kasper Lance Huffman,KLH0596,30,10,35,12,29,NQO2712,0.0,0.0,3069.0
Shea Jane Franks,SJF0094,35,19,16,44,30,OHG3736,0.0,0.0,0.0
Charity Stacey Jennings,CSJ0340,45,24,19,38,25,NEB3445,0.0,0.0,0.0
Rae Melissa Wilson,RMW0542,17,21,20,13,41,IKP1047,640.0,0.0,643.0
Jorden Helen Pierce,JHP0583,37,25,40,42,37,KHW2052,0.0,0.0,0.0
Hollee Shannon Dudley,HSD0457,38,19,20,42,27,NBC0607,0.0,0.0,0.0
Yasir Wade Wilcox,YWW0660,39,35,37,10,36,CMW0783,0.0,30105173.0,0.0
Prescott Giacomo Conley,PGC0066,32,39,28,43,26,GCG0951,0.0,11081713.0,0.0
Medge Serina Obrien,MSO0222,32,12,39,46,28,SGS0268,0.0,91355351.0,0.0
Wang Dean Vasquez,WDV0573,48,36,13,31,33,NDK3436,20.0,0.0,0.0
Quail Rana Mclean,QRM0739,33,11,26,29,30,PMG2513,0.0,0.0,0.0
Alfreda Sierra Savage,ASS0517,36,35,47,44,32,ACM3964,0.0,0.0,0.0
Leonard Uriel Ramos,LUR0896,15,11,47,43,28,COM0321,0.0,150630451.0,0.0
Eve Shaeleigh Holman,ESH0283,44,30,35,18,31,OMM0944,0.0,10435537.0,0.0
Whoopi Britanney Camacho,WBC0192,47,36,39,39,27,EJS1338,0.0,0.0,357.0
Penelope Lysandra Hayes,PLH0715,42,37,19,37,29,IMS2191,0.0,0.0,0.0
Vivian Sarah Arnold,VSA0230,47,15,25,14,29,LOP1708,0.0,0.0,393.0
Kermit Jonas Gould,KJG0910,37,10,31,18,29,DRF3992,0.0,0.0,0.0
Deborah Barbara White,DBW0483,17,16,25,21,37,BHC2344,0.0,0.0,0.0
Kyla Blythe Carter,KBC0054,42,43,17,41,32,QIS2940,0.0,0.0,132.0
Cathleen Samantha Craig,CSC0217,40,15,30,38,28,CSH0626,0.0,160096403.0,0.0
Burke Rooney Stafford,BRS0734,32,39,47,10,30,EJP2315,0.0,0.0,0.0
Keane Nicholas Blevins,KNB0022,22,38,45,16,30,LJT0817,0.0,90972269.0,0.0
Paula Isabelle Santiago,PIS0522,44,26,48,40,35,CGM2036,0.0,0.0,388.0
Aretha Dorothy Deleon,ADD0846,18,19,25,12,35,ARA0252,0.0,89047962.0,0.0
Martin Armand Douglas,MAD0496,34,30,40,42,24,HXL0968,0.0,6432915.0,0.0
Nicholas Kato Pennington,NKP0236,45,41,19,40,31,JGR3914,0.0,0.0,132.0
Valentine Lucian Benjamin,VLB0647,48,40,42,47,24,COD2351,0.0,0.0,0.0
Dai Keely Bullock,DKB0631,34,18,14,46,31,SJD3032,0.0,0.0,0.0
Kylie Elizabeth Santos,KES0729,20,10,24,45,31,JIM0095,0.0,111280131.0,0.0
Isadora Buffy Brewer,IBB0696,47,13,36,16,33,AIP0982,0.0,99355047.0,0.0
Bethany Lydia Lyons,BLL0929,44,49,10,41,39,ZCE3578,71.0,0.0,0.0
Allegra Bree Coffey,ABC0174,15,41,34,13,32,SGM2153,0.0,0.0,0.0
Hector Abraham Hayes,HAH0248,33,43,22,18,29,KDS0349,0.0,141675008.0,0.0
Nyssa Britanney Carver,NBC0412,14,25,18,18,31,TCB0061,0.0,0.0,0.0
Cade Rajah Patterson,CRP0456,37,41,28,43,30,DOC1734,0.0,0.0,0.0
Josephine Indira Garza,JIG0128,25,45,35,18,27,PLH1807,34.0,0.0,131.0
Ivor Jelani Robbins,IJR0825,38,42,39,46,32,MAL2345,0.0,0.0,135.0
Xander Walter Doyle,XWD0923,16,38,45,20,31,HGR0198,0.0,0.0,0.0
Leslie Denise Dillon,LDD0560,25,43,39,26,35,BEH2307,0.0,0.0,0.0
Elaine Sonya Hughes,ESH0135,35,22,32,44,28,ARS3506,0.0,0.0,0.0
Risa Hillary Obrien,RHO0732,20,10,21,19,34,BPN3051,946.0,0.0,966.0
Dennis Gray Wilson,DGW0752,40,46,20,40,14,PDH0716,0.0,9904798.0,0.0
Hillary Piper Riddle,HPR0585,34,46,15,46,35,ZCR0558,61.0,0.0,129.0
Teagan Briar Townsend,TBT0461,43,42,13,30,28,ABR0397,0.0,0.0,127.0
Sonia Anne Kirkland,SAK0375,16,20,27,16,31,OBH3008,0.0,0.0,0.0
Blaze Jakeem Hahn,BJH0811,48,39,44,14,40,WBM1045,940.0,0.0,0.0
Thomas Vladimir Stokes,TVS0006,43,43,37,20,41,VLM3572,0.0,0.0,0.0
Frances Alisa Wiggins,FAW0032,43,24,17,37,37,DZG0889,38.0,0.0,0.0
Wanda Samantha Rogers,WSR0241,35,27,15,25,29,GNT0221,0.0,0.0,3430.0
Lilah Renee Wagner,LRW0970,10,26,39,22,28,TDG0962,0.0,9941398.0,0.0
Zachary Myles Cardenas,ZMC0284,42,33,41,30,31,BKF0427,0.0,0.0,735.0
Samantha Audrey Curtis,SAC0687,20,49,37,19,22,JJM0203,0.0,55947307.0,0.0
Cathleen Kelsey Burke,CKB0427,38,38,36,43,37,ECL0930,0.0,91194073.0,0.0
Blaze Trevor Stone,BTS0011,25,42,16,25,29,TZY3133,0.0,0.0,235.0
Ingrid Irene Atkins,IIA0092,39,30,42,14,27,AUA0826,0.0,0.0,0.0
Wesley Kasper Duffy,WKD0013,42,36,40,27,34,BYP0070,0.0,61871785.0,0.0
Jaden Nicole Johnston,JNJ0556,43,45,22,33,34,TTD2873,0.0,0.0,0.0
Tarik Linus Hubbard,TLH0648,32,35,18,24,26,FGC0114,0.0,0.0,151.0
Iona Brenda Payne,IBP0883,30,25,15,11,17,ZSW2155,0.0,0.0,0.0
William Aristotle Sampson,WAS0254,43,37,16,18,35,IGP2254,0.0,0.0,1015.0
Quemby Nita Pollard,QNP0216,19,35,39,26,34,FAJ0523,42.0,0.0,147.0
Katelyn Lani Murray,KLM0639,20,15,24,40,26,HAF1891,0.0,0.0,0.0
Ariel Ina Barrett,AIB0948,42,31,27,20,31,AAP1942,0.0,0.0,0.0
Raphael Benjamin Bryan,RBB0485,40,40,35,30,26,RBP1171,0.0,0.0,0.0
Robert Zeus Cox,RZC0746,15,38,33,43,26,HIP0148,0.0,0.0,3078.0
Myles Donovan Macias,MDM0976,41,40,38,20,31,RDC0378,0.0,0.0,0.0
Xandra Briar Nielsen,XBN0229,34,16,17,40,29,QWL3474,44.0,0.0,371.0
Shaeleigh MacKenzie Harris,SMH0291,23,22,10,24,32,GHH0288,0.0,10269709.0,0.0
Mallory Charissa Dixon,MCD0125,36,26,50,22,23,DAR0709,0.0,0.0,0.0
Matthew Harper Glass,MHG0244,42,46,21,15,22,AAP1942,0.0,0.0,0.0
Robert Aristotle Stevenson,RAS0432,44,47,40,41,16,AEF2019,0.0,0.0,0.0
Emily Illana Perry,EIP0997,42,28,20,25,34,SCH3858,0.0,0.0,0.0
Elvis Marshall Walton,EMW0772,46,41,20,12,28,AYP3586,0.0,0.0,0.0
Sasha Britanney Quinn,SBQ0786,41,17,19,44,34,LTW1378,0.0,0.0,149.0
Phelan Dieter Hendricks,PDH0716,40,16,14,10,24,GCM1580,0.0,0.0,0.0
George Zachery Burch,GZB0469,46,39,22,45,28,ISB0256,0.0,0.0,0.0
Naomi Meredith Baxter,NMB0972,45,22,17,20,29,MVH0373,0.0,21144786.0,0.0
Octavia Nora Leblanc,ONL0276,48,46,17,41,20,ESA0642,0.0,29836291.0,0.0
Meghan Brianna Jensen,MBJ0312,22,45,49,12,26,ASD3348,0.0,0.0,0.0
Daphne Ruby Reilly,DRR0242,39,19,40,41,33,GJB2659,0.0,0.0,382.0
Aurora Jael Hopkins,AJH0175,19,19,16,33,37,AIH2535,0.0,0.0,0.0
Lester Quamar Pearson,LQP0508,26,44,21,40,27,DWK2099,0.0,0.0,0.0
Dante Vaughan Weber,DVW0103,40,45,44,21,29,UMF2894,29.0,0.0,366.0
Sierra Margaret Barker,SMB0804,38,10,19,36,33,WSM2798,0.0,0.0,0.0
Kylie Brielle Greer,KBG0549,16,19,37,10,32,RAW3461,0.0,0.0,0.0
Brianna Aretha Hopper,BAH0875,43,19,26,17,30,WBL2852,0.0,0.0,0.0
Shelby Lila Turner,SLT0907,16,15,43,27,27,DDG1822,0.0,0.0,0.0
Joseph Alan Vaughan,JAV0361,36,45,40,45,33,BVC0790,0.0,111749433.0,0.0
Claire Olivia Martin,COM0321,38,18,34,18,27,WSS0820,39.0,0.0,400.0
Chaim Chadwick Chang,CCC0393,35,30,40,16,26,EUH0257,0.0,0.0,0.0
Quintessa Shana Vance,QSV0778,17,23,36,35,33,BCW3480,0.0,0.0,0.0
Britanni Marah Cash,BMC0547,41,18,22,21,35,SDB0106,0.0,90911480.0,0.0
Akeem William Mayer,AWM0764,47,37,39,42,36,BWM2339,0.0,0.0,384.0
Felicia Xantha Farley,FXF0957,35,25,47,36,28,MNN1167,0.0,0.0,0.0
Sylvia Velma Sweet,SVS0871,23,15,34,28,33,HKM3016,0.0,0.0,0.0
Dexter Jamal Simon,DJS0682,22,23,36,13,30,HRL2565,0.0,0.0,0.0
Nigel Harrison Estrada,NHE0919,25,16,32,21,24,KTG0091,0.0,89553903.0,0.0
Meredith Pamela Tanner,MPT0376,19,37,41,48,35,CKP3600,0.0,0.0,65.0
Akeem Quamar Davenport,AQD0820,41,31,27,24,39,KTG0091,0.0,89553903.0,0.0
Yardley Ezra Vang,YEV0793,40,37,42,15,22,MSB2786,0.0,0.0,0.0
Zane Cadman Fields,ZCF0590,42,42,42,25,31,VMJ0546,0.0,91197460.0,0.0
Kevyn Quin Charles,KQC0708,34,18,39,42,23,MAS0025,0.0,81253079.0,0.0
Lavinia Justine Richmond,LJR0523,32,21,11,33,25,NWV0966,0.0,0.0,0.0
Caldwell Quamar Head,CQH0701,35,50,39,50,32,GVC1358,0.0,0.0,735.0
Patricia Denise Wright,PDW0259,43,32,38,36,33,KPN3783,0.0,0.0,0.0
Fitzgerald Wayne Miranda,FWM0707,50,36,35,18,34,NGC1617,0.0,0.0,0.0
Hayes Drake Stephenson,HDS0367,50,42,16,30,19,IDL2014,0.0,0.0,0.0
Jeremy Rooney Henderson,JRH0455,19,21,42,20,34,GIM0786,0.0,0.0,0.0
Stephanie Eliana Rasmussen,SER0165,20,15,24,17,27,RWN1705,0.0,0.0,0.0
Sandra Beverly Diaz,SBD0913,45,16,19,19,42,FDD1052,987.0,0.0,0.0
Jerry Kennan Fischer,JKF0465,10,37,12,17,32,KWC0004,0.0,268029239.0,0.0
Carl Ferdinand Wong,CFW0264,19,32,17,20,27,UMF2894,29.0,0.0,366.0
Basia Nevada Riggs,BNR0965,47,19,15,20,22,LQJ3060,0.0,0.0,0.0
Alice Sierra Valenzuela,ASV0946,35,12,46,17,26,MKR1339,0.0,0.0,1067.0
Kasimir Nehru Galloway,KNG0672,21,40,18,20,27,WBS1592,0.0,0.0,0.0
Nola Nerea Ayala,NNA0610,21,35,18,43,26,DCB3597,0.0,0.0,0.0
Kane Quinlan Stevenson,KQS0415,35,42,13,14,34,RLR0365,0.0,0.0,0.0
Merrill Hiram Hess,MHH0180,19,41,35,10,29,KCM1858,103.0,0.0,0.0
Eric Gray Duncan,EGD0132,37,38,33,15,22,LAP0338,0.0,42874646.0,0.0
Vladimir Thomas Todd,VTT0385,14,26,17,36,28,CFM0767,0.0,29686618.0,0.0
Anastasia Sage Griffith,ASG0692,26,40,41,23,27,APS3553,0.0,0.0,0.0
William Price Robles,WPR0368,48,34,40,17,31,BRB2143,0.0,0.0,0.0
Hu Akeem Vincent,HAV0121,46,43,38,37,27,FAW1969,0.0,0.0,0.0
Hayley Carolyn Cunningham,HCC0344,25,11,41,26,22,KJW0416,0.0,90867234.0,0.0
Ursa Britanney Frederick,UBF0645,34,20,34,23,31,TMC3659,0.0,0.0,3348.0
Todd Scott Roth,TSR0676,43,40,26,19,33,DBC1152,0.0,0.0,0.0
Nathan Kenneth Hicks,NKH0979,30,39,42,22,35,CTH2220,0.0,0.0,383.0
Sigourney Xandra Maddox,SXM0895,14,18,15,33,25,LMM3366,0.0,0.0,371.0
Kenyon Chancellor Sharpe,KCS0173,39,20,50,20,30,JJC0116,0.0,0.0,0.0
Cyrus Connor Atkinson,CCA0046,36,43,25,15,28,AJP0723,0.0,10169984.0,0.0
Priscilla Martha Vinson,PMV0850,23,39,12,42,23,RTN3680,0.0,0.0,375.0
Preston Kennan Burns,PKB0281,39,12,44,26,25,CCB0547,0.0,0.0,0.0
Martin Ivan Cooper,MIC0726,32,41,43,17,23,BON0968,0.0,0.0,0.0
Samson Denton Oconnor,SDO0170,35,47,22,45,26,JTH0719,0.0,0.0,0.0
Vincent Avram Aguirre,VAA0087,36,44,42,18,23,SMW2062,0.0,0.0,0.0
Emmanuel Lawrence Briggs,ELB0847,12,17,16,19,28,PSC1608,0.0,0.0,0.0
Sharon Britanni Kerr,SBK0161,14,27,23,41,39,WIQ0567,0.0,114997661.0,0.0
Axel Seth Lewis,ASL0378,15,15,41,21,27,AHH1966,0.0,0.0,0.0
Tobias Lucas Morin,TLM0797,43,42,34,23,36,CEL0561,0.0,90061502.0,0.0
Steel Orson Fields,SOF0808,45,40,38,22,27,CCH3489,0.0,0.0,0.0
Sybill Grace Mckay,SGM0021,41,12,26,41,33,AKC1929,0.0,0.0,0.0
Mark Yardley Dunlap,MYD0978,39,32,36,13,32,XWD0923,0.0,73693316.0,0.0
Francis Brian Armstrong,FBA0348,41,44,40,36,27,YDM1720,0.0,0.0,2836.0
August Ronan Lucas,ARL0034,41,39,27,21,26,WSS0820,39.0,0.0,400.0
Yoshio Joseph Farmer,YJF0532,40,35,23,47,26,KDC0444,0.0,0.0,3157.0
Rogan Judah Mcintyre,RJM0381,41,47,44,41,25,WKH1787,0.0,0.0,0.0
Vernon Samuel Sawyer,VSS0154,43,49,10,40,30,NAR1527,9.0,0.0,0.0
Jonah Merritt Wilder,JMW0638,43,21,30,18,30,GJO3614,0.0,0.0,0.0
Ivor Kenneth Rollins,IKR0401,40,42,24,16,29,LNR0656,0.0,30530908.0,0.0
Eden Merrill Stokes,EMS0317,15,21,44,10,31,MGM0569,0.0,0.0,0.0
Finn Tucker Medina,FTM0406,31,15,38,16,34,ICB3167,0.0,0.0,0.0
Raphael Aristotle Ray,RAR0725,32,32,25,20,35,MDM0976,0.0,110587827.0,0.0
Medge Nichole Sims,MNS0224,46,21,22,45,30,DKP0671,0.0,0.0,0.0
Winter Veda Burks,WVB0539,43,16,18,42,31,KMB1761,920.0,0.0,0.0
Steel Solomon Garrison,SSG0250,35,40,20,36,25,CLD1641,0.0,0.0,0.0
Madison Lydia Morrison,MLM0950,24,20,29,23,36,SLH0900,0.0,0.0,0.0
Harper Price Harris,HPH0075,40,42,48,25,28,DDS3149,0.0,0.0,0.0
Veda Martina Jacobson,VMJ0546,20,37,29,39,26,JGM0934,0.0,90957487.0,0.0
Nevada Leilani Ortega,NLO0131,19,13,46,40,29,VTK2978,61.0,0.0,710.0
Patricia Emily Salazar,PES0085,35,24,18,30,22,NCT3492,0.0,0.0,0.0
Otto Hedley Chase,OHC0973,42,24,42,17,35,KMS0568,0.0,0.0,0.0
Noble Merrill Fuller,NMF0780,44,38,36,20,34,RAB0455,0.0,0.0,0.0
Leo Elmo Monroe,LEM0605,46,50,40,39,26,MCS3301,0.0,0.0,0.0
Bruce Eden Clemons,BEC0505,35,21,30,19,32,LOC1446,0.0,0.0,0.0
Oliver Logan Fowler,OLF0504,41,43,20,41,31,BMM0462,918.0,0.0,990.0
Kirestin Vanna Sykes,KVS0425,20,19,21,30,35,AJG0240,35.0,0.0,87.0
Arthur Jacob Raymond,AJR0319,40,13,37,16,24,XTB3322,0.0,0.0,0.0
Diana Lillian Solis,DLS0383,10,21,12,25,24,LLG1238,0.0,0.0,0.0
Bruno Carter Robles,BCR0581,20,11,34,36,30,QSG3297,0.0,0.0,0.0
Lani Dai Beard,LDB0090,40,14,39,41,34,CMP2946,0.0,0.0,1590.0
Gwendolyn Amaya Ferrell,GAF0570,31,15,38,46,35,EMS1736,0.0,0.0,0.0
Noah Nathan Shaffer,NNS0059,42,23,48,23,25,MTS0465,1195.0,0.0,0.0
Joy Rosalyn Leblanc,JRL0574,19,26,35,47,40,SBT2281,0.0,0.0,0.0
Natalie Sheila Santiago,NSS0876,26,20,25,42,31,HZD0429,0.0,0.0,0.0
Slade Orson Burch,SOB0586,45,35,23,24,30,GOK0238,0.0,63661309.0,0.0
Dane Davis Atkins,DDA0476,36,25,39,13,39,NEW2490,0.0,0.0,0.0
Dakota Edward Brady,DEB0782,42,47,32,21,36,EJP2315,0.0,0.0,0.0
Owen Len Wheeler,OLW0689,22,25,40,35,27,LHL0309,0.0,149649878.0,0.0
MacKensie Mara Grant,MMG0943,23,27,28,34,26,ZAR2140,0.0,0.0,0.0
Reece Nicolas Lopez,RNL0695,47,41,44,19,36,WEC3721,0.0,0.0,0.0
Lacey Nomlanga Rasmussen,LNR0656,25,39,12,30,23,TDK1689,0.0,0.0,180.0
Albert Mohammad Joseph,AMJ0297,16,43,50,18,28,WGD3156,0.0,0.0,0.0
Hedwig Regina Livingston,HRL0540,43,38,17,40,18,CTB3481,0.0,0.0,3061.0
Dean Lester Figueroa,DLF0377,39,35,19,27,34,FDD3893,56.0,0.0,391.0
Madonna Veronica Hardy,MVH0373,44,19,20,21,25,FGW0853,0.0,138587908.0,0.0
Tad Patrick Hardin,TPH0474,44,39,14,21,35,CJJ1491,0.0,0.0,0.0
Kendall Ciaran Frank,KCF0045,40,39,16,27,31,GLG1573,0.0,0.0,0.0
Bryar Ivana Sweet,BIS0247,36,19,18,39,37,GEB3079,0.0,0.0,0.0
Mona Susan Shannon,MSS0001,21,44,24,45,19,SCH3858,0.0,0.0,0.0
Edward Finn Stokes,EFS0882,40,40,47,25,27,GHT3177,0.0,0.0,0.0
Noelani Wynter Kennedy,NWK0215,21,19,45,18,24,JCV0245,0.0,91925529.0,0.0
Philip Nathan Logan,PNL0301,50,43,30,43,31,JMC2911,0.0,0.0,0.0
Colin Stuart Holloway,CSH0626,33,17,41,18,23,MLD0755,0.0,151702007.0,0.0
Beau Hall Watts,BHW0458,36,32,28,30,29,DRB1780,0.0,0.0,0.0
Sonya Samantha Hahn,SSH0799,23,18,31,31,40,AAC3270,0.0,0.0,0.0
Astra Nicole Maldonado,ANM0123,22,15,16,21,26,CCF3529,7.0,0.0,3070.0
Carla Amelia Shannon,CAS0507,14,46,33,11,25,BNG0237,0.0,89899120.0,0.0
Denise Ifeoma Doyle,DID0650,45,21,17,42,21,CTJ0669,0.0,0.0,0.0
Kirby Amity Tyson,KAT0270,21,24,39,23,27,KEF0629,51.0,0.0,265.0
Tara Echo Myers,TEM0977,22,19,40,45,29,RWS3699,24.0,0.0,3514.0
Salvador Herman Raymond,SHR0334,36,41,45,19,31,ZHB1392,0.0,0.0,0.0
Jenna Darrel Charles,JDC0030,31,18,19,21,26,CWP1829,0.0,0.0,0.0
Colt Kendall Perez,CKP0721,40,39,39,13,32,ONL0276,0.0,90395281.0,0.0
Herman Ian Abbott,HIA0414,38,39,39,18,31,RMB0885,0.0,0.0,0.0
Hakeem Stephen Peck,HSP0290,38,15,28,20,27,KCH2475,84.0,0.0,0.0
Howard Raphael Weiss,HRW0550,38,34,24,22,28,BJP0186,0.0,0.0,0.0
Kaye Brianna Blair,KBB0189,49,23,16,33,30,TCG1262,0.0,0.0,0.0
Cain Byron Baldwin,CBB0365,37,17,20,41,33,THG3271,0.0,0.0,0.0
Diana Leigh Hays,DLH0029,36,26,38,18,31,KKB2094,0.0,0.0,0.0
Nora Regina Oconnor,NRO0768,18,18,41,25,36,FBM2755,0.0,0.0,0.0
Nehru Wyatt Tate,NWT0098,35,39,26,36,33,JFC0557,0.0,90844169.0,0.0
Quincy Preston Moses,QPM0727,43,40,18,34,34,RHA3613,0.0,0.0,0.0
Kessie Vielka Trevino,KVT0028,44,20,35,19,37,HLS2098,0.0,0.0,0.0
Lamar Francis Scott,LFS0071,48,31,14,17,25,JGR3914,0.0,0.0,132.0
Wing Noah Bonner,WNB0908,38,38,38,22,23,BCG1029,0.0,0.0,0.0
Patience Audrey Douglas,PAD0773,36,21,14,16,38,AMB3100,0.0,0.0,173.0
Bert Jason Henderson,BJH0354,22,21,31,20,36,CRC0348,65.0,0.0,0.0
Oscar Nolan Wooten,ONW0083,46,30,25,30,26,PDW0259,0.0,89883024.0,0.0
Sarah Susan Jarvis,SSJ0784,19,39,12,45,34,EWA1486,0.0,0.0,0.0
Kyla Jocelyn Porter,KJP0371,36,21,25,15,30,WAH3836,0.0,0.0,0.0
Isabelle Maggie Benjamin,IMB0481,19,41,38,43,38,JFB2168,0.0,0.0,0.0
Britanney Quail Snyder,BQS0525,42,38,19,45,30,PRH2431,935.0,0.0,0.0
Beck Troy Richards,BTR0403,47,47,21,17,28,GJS0494,0.0,0.0,0.0
Declan Lester Moss,DLM0051,37,37,17,20,35,KJM0887,0.0,30389408.0,0.0
Addison Hiram Morrow,AHM0410,34,43,15,18,26,ATF3708,0.0,0.0,0.0
Carter Harrison Maldonado,CHM0821,48,11,39,19,23,CRH3848,0.0,0.0,0.0
Jocelyn Bree Mccray,JBM0350,37,21,12,45,25,ABP2917,0.0,0.0,484.0
Joseph Raja Gaines,JRG0207,42,37,40,21,27,MSS0001,0.0,361399921.0,0.0
Prescott Laith Harding,PLH0862,32,37,25,16,32,POD0750,0.0,0.0,0.0
Reed Chaim Perkins,RCP0785,42,38,43,30,32,CFG0959,0.0,10301824.0,0.0
Neve Sarah Crane,NSC0597,19,13,11,44,31,HKR2901,0.0,0.0,0.0
Ayanna Vivian Murray,AVM0947,10,25,30,44,39,ERC1840,0.0,0.0,0.0
Molly Sacha Zimmerman,MSZ0310,24,38,18,31,29,NSW0122,0.0,0.0,0.0
Stewart Dale Berger,SDB0106,35,46,26,27,37,MMB2285,0.0,0.0,0.0
Hakeem Arden Curry,HAC0282,37,32,38,12,28,VCY0751,0.0,150427573.0,0.0
Hadley Sonya Bowen,HSB0196,44,13,43,30,33,ASD3348,0.0,0.0,0.0
Ayanna Sylvia Blankenship,ASB0796,30,40,23,38,34,BRM0843,0.0,0.0,0.0
Wynter Rose Mercer,WRM0963,17,23,43,31,22,NMP3872,0.0,0.0,0.0
Brianna Rebecca Mcintyre,BRM0995,20,11,32,26,40,SBJ3628,0.0,0.0,0.0
Sebastian Elliott Sexton,SES0477,38,40,13,39,29,LAF0991,0.0,90806263.0,0.0
Jerry Tad Mccall,JTM0223,35,48,20,21,30,NRO0768,0.0,28200099.0,0.0
Ria Neve Flores,RNF0765,41,22,37,41,25,JCC2287,0.0,0.0,0.0
Graiden Nehru Zimmerman,GNZ0953,26,18,26,36,29,TRK0914,0.0,90112306.0,0.0
Hadassah Riley Baker,HRB0351,19,12,43,42,36,LHB3089,0.0,0.0,0.0
Zia Shelley Blankenship,ZSB0649,23,25,36,14,26,WLL1133,0.0,0.0,0.0
Axel Donovan Compton,ADC0391,50,43,40,33,38,WBM1045,940.0,0.0,0.0
Penelope Montana Colon,PMC0328,20,43,10,36,33,NWV0966,0.0,0.0,0.0
Idola Lana Jarvis,ILJ0526,33,50,23,46,25,AID2774,0.0,0.0,0.0
Amaya Noelle Terrell,ANT0430,12,19,23,48,31,BDW1459,0.0,0.0,0.0
Dean Flynn Hines,DFH0188,35,40,18,38,24,FPL3129,0.0,0.0,0.0
Lee Lacey Velez,LLV0602,36,10,36,37,33,FCY1819,0.0,0.0,0.0
Grace Charde Roth,GCR0554,16,16,41,23,37,GTL3389,0.0,0.0,0.0
Samson Jeremy Ortega,SJO0209,39,45,18,39,35,KGF2552,42.0,0.0,0.0
Nadine Gay Cross,NGC0058,44,45,39,15,27,SFC2336,80.0,0.0,0.0
Yolanda Idona Crosby,YIC0195,18,49,19,40,31,ZOO1613,0.0,0.0,0.0
Eden Deborah Ball,EDB0714,21,23,35,26,29,SSL2271,0.0,0.0,1080.0
Lacota Hilda Lindsey,LHL0309,19,34,27,46,37,KND0529,0.0,0.0,0.0
Heather Fredericka Baird,HFB0347,34,20,30,30,27,FRB3653,0.0,0.0,670.0
Elton Jonas Williamson,EJW0884,46,20,32,26,31,RMP3510,0.0,0.0,0.0
Cathleen Risa Oneal,CRO0027,19,30,28,46,26,AUA0826,0.0,0.0,0.0
Halee Keiko Rhodes,HKR0628,21,16,17,16,25,DAB3255,0.0,0.0,0.0
Grant Tyrone Doyle,GTD0116,43,19,45,20,31,YKW3832,114.0,0.0,4274.0
Daryl Skyler Brock,DSB0731,26,15,40,43,30,SCD3192,0.0,0.0,0.0
Clio Ocean Faulkner,COF0120,14,12,38,13,35,MDG0019,0.0,0.0,3079.0
Hope Dawn Jensen,HDJ0446,18,17,45,27,35,WTF0449,0.0,0.0,0.0
Cedric Herrod Gilliam,CHG0146,40,20,39,19,35,DLM2440,863.0,0.0,985.0
Aline Iris Hurst,AIH0675,25,39,38,40,37,LMF0980,0.0,111378922.0,0.0
Troy Nicolas Molina,TNM0961,37,50,39,17,32,OEJ1648,88.0,0.0,147.0
Aaron Porter Gutierrez,APG0307,43,39,36,43,22,AOM1457,0.0,0.0,394.0
Roth Hu Conner,RHC0335,36,35,40,46,25,AGE1244,0.0,0.0,0.0
Chastity Quyn Wilkerson,CQW0652,10,22,48,20,33,ALS2596,0.0,0.0,0.0
Honorato John Sloan,HJS0072,44,42,19,19,31,GPB2691,0.0,0.0,0.0
Xerxes Howard Wilcox,XHW0498,37,47,48,23,35,MVO2746,0.0,0.0,0.0
Isadora Jael Waters,IJW0851,21,10,10,18,34,AAF3937,0.0,0.0,0.0
Nigel Addison Rios,NAR0981,39,39,16,50,36,KBP0384,41.0,0.0,851.0
Nero Uriel Little,NUL0471,35,38,38,26,37,WOV3040,778.0,0.0,0.0
Drew Ivan Beck,DIB0081,34,45,14,28,33,DGW0752,0.0,149485450.0,0.0
Brenden Samuel Shaffer,BSS0369,39,42,34,14,32,LOM0086,0.0,37808166.0,0.0
Margaret Illana Burch,MIB0904,22,21,34,38,25,ZKR1397,0.0,0.0,0.0
Athena Amelia Foreman,AAF0535,17,21,36,33,31,ALB1254,0.0,0.0,0.0
Hayden Bernard Benson,HBB0056,37,33,30,21,27,LSN1672,0.0,0.0,0.0
Melodie Chantale Joyce,MCJ0324,28,20,40,20,36,DRC2296,37.0,0.0,3071.0
Hashim Damon Hebert,HDH0928,40,36,20,40,26,IMH2964,0.0,0.0,0.0
Holly Xerxes Lara,HXL0968,45,21,35,40,34,RDF1248,0.0,0.0,0.0
Macaulay Otto Hopkins,MOH0273,39,40,47,50,26,FHO0630,0.0,150926414.0,0.0
Keiko Naida Webb,KNW0644,15,20,23,15,25,LAO2771,0.0,0.0,0.0
Cullen Gary Adams,CGA0629,36,35,24,49,28,JXP3801,0.0,0.0,0.0
Nell Mari Schneider,NMS0280,39,42,26,37,27,GCR0554,0.0,89458398.0,0.0
Tad Harlan Duncan,THD0448,41,32,29,38,32,DRW1207,0.0,0.0,0.0
Scarlet Pearl Ashley,SPA0141,43,22,10,21,29,MNG3693,0.0,0.0,0.0
Lenore Piper Cardenas,LPC0492,30,23,22,30,26,JDH0295,0.0,0.0,0.0
Benjamin Tyrone Norman,BTN0061,42,21,22,20,22,MOB1914,0.0,0.0,0.0
Hanae Gay Hogan,HGH0595,41,14,22,39,29,JSB0783,0.0,0.0,0.0
Brielle Aubrey Marks,BAM0611,25,30,39,23,25,SCB1280,0.0,0.0,0.0
Kessie Kay Cooper,KKC0683,32,37,37,48,35,EAM3642,0.0,0.0,0.0
Buckminster Benjamin Swanson,BBS0422,39,42,29,41,18,XKW2303,0.0,0.0,0.0
Hedy Delilah Lopez,HDL0748,25,13,46,41,25,TZM0239,0.0,0.0,0.0
Nissim Rafael Delacruz,NRD0548,41,37,41,15,31,IJC1553,0.0,0.0,0.0
Donovan Carlos Chapman,DCC0160,36,39,33,42,27,HTF0641,0.0,29879515.0,0.0
Minerva Emerald Solomon,MES0407,38,44,25,47,37,GMA1698,0.0,0.0,0.0
Leonard Malachi Floyd,LMF0980,42,45,12,44,35,KNM1674,0.0,0.0,0.0
Barry Martin Mason,BMM0112,40,36,24,40,25,FXD3105,0.0,0.0,0.0
Leila Tallulah Steele,LTS0860,48,20,29,20,31,FNR0635,0.0,0.0,0.0
Armand Odysseus Key,AOK0844,11,30,44,26,31,FGH1958,0.0,0.0,0.0
Eaton Samuel Jennings,ESJ0670,42,31,15,40,24,HCM2945,0.0,0.0,0.0
Aladdin Abraham Foley,AAF0791,14,40,40,50,34,NCT0983,0.0,0.0,0.0
Kirby Ruby Lyons,KRL0501,18,27,23,28,26,JJM3791,0.0,0.0,0.0
Serina Amena Chavez,SAC0592,24,18,23,42,26,CCG1025,0.0,0.0,0.0
Uriel Charles Solomon,UCS0227,22,32,41,35,34,FRR0832,0.0,10159114.0,0.0
Jared Cameron Rosa,JCR0770,40,47,24,21,27,SAC0592,0.0,10014702.0,0.0
Ivy Charissa Solis,ICS0956,22,20,18,35,26,MVB0515,0.0,29769644.0,0.0
Macy Karleigh Winters,MKW0441,15,25,45,20,34,WCP2123,0.0,0.0,0.0
Tana Sonya Moody,TSM0927,33,21,10,37,26,JLW2924,0.0,0.0,0.0
Octavius Judah Kirby,OJK0233,40,36,14,22,33,MNB2570,0.0,0.0,0.0
Stephanie Mary Whitehead,SMW0084,20,37,39,48,27,NLS1866,0.0,0.0,0.0
Barclay Eaton Hensley,BEH0615,24,20,50,22,26,FCM2190,0.0,0.0,357.0
Ariana Doris Frazier,ADF0397,39,16,10,40,35,NLS1866,0.0,0.0,0.0
Nicolas James Cantu,NJC0705,43,39,29,36,31,BBS0039,0.0,49956573.0,0.0
Bertha Yetta Parrish,BYP0070,30,19,41,21,33,LNK3345,0.0,0.0,0.0
Jane Maite Dotson,JMD0520,21,45,16,38,29,JBB0847,0.0,0.0,123.0
Lucas Ahmed Ferrell,LAF0991,40,39,36,22,34,CMM0487,0.0,150739494.0,0.0
Kay Brynne Spears,KBS0874,23,39,37,33,29,CWL0561,0.0,0.0,0.0
Genevieve Hyacinth Head,GHH0288,12,36,40,36,30,SRH3590,0.0,0.0,0.0
Timothy Arthur Carroll,TAC0300,15,38,18,18,36,MTL3695,0.0,0.0,0.0
Jaquelyn Angelica Jimenez,JAJ0849,22,24,23,23,33,JME0387,0.0,0.0,374.0
Nevada Odette Bass,NOB0181,31,21,21,41,25,DBW0483,0.0,152654330.0,0.0
Daquan Tucker Pugh,DTP0379,45,42,15,37,27,CKH2797,0.0,0.0,0.0
Colorado Joel Merrill,CJM0138,10,40,21,17,23,MBG0438,0.0,60759257.0,0.0
Fallon Harriet Shelton,FHS0837,23,37,14,42,34,RQN2039,0.0,0.0,376.0
Chelsea Aspen Allen,CAA0612,20,41,32,42,31,DRB0202,0.0,0.0,0.0
Echo Leandra Torres,ELT0769,19,20,20,27,35,FXD3105,0.0,0.0,0.0
Katell Jasmine Wiggins,KJW0416,50,46,39,41,30,BVD3974,0.0,0.0,0.0
Cairo Theodore Robles,CTR0341,45,39,23,13,28,WAS2214,83.0,0.0,2831.0
Dolan Igor Cortez,DIC0988,44,30,23,21,32,IUY0279,0.0,90958498.0,0.0
Jane Justina Hunt,JJH0292,35,23,38,39,28,QRR1242,0.0,0.0,0.0
Mira Jamalia Snow,MJS0890,10,26,16,11,29,LBC0356,0.0,111869030.0,0.0
Tarik Odysseus Rivera,TOR0193,30,40,25,45,30,RSV2438,972.0,0.0,0.0
Sophia Cora Battle,SCB0534,20,18,35,22,29,TLH0648,0.0,30245182.0,0.0
Maxwell Dante Hutchinson,MDH0686,37,43,31,20,38,CMT0267,0.0,0.0,121.0
Jonathan Orlando Marsh,JOM0750,35,46,25,40,29,CMS1900,0.0,0.0,0.0
Burke Randall Burnett,BRB0355,33,21,37,19,29,GCD1189,0.0,0.0,0.0
Macon Joseph Morrison,MJM0510,32,33,22,18,39,WVB0539,0.0,138749001.0,0.0
Kibo Josiah Murray,KJM0887,31,47,14,16,32,SCC1896,0.0,0.0,0.0
Courtney Brynn Garrett,CBG0398,40,21,41,10,24,BKR3302,0.0,0.0,0.0
Raya Regan Church,RRC0553,40,14,24,38,29,JHK1849,62.0,0.0,0.0
Tara Dai Stevenson,TDS0984,39,39,15,40,38,MHH0034,0.0,0.0,0.0
Libby Rosalyn Richard,LRR0148,21,19,14,14,29,CJW2087,0.0,0.0,0.0
Amelia Rhoda Burgess,ARB0834,40,42,40,49,26,MMW1927,0.0,0.0,148.0
Kareem Porter Collins,KPC0073,44,30,11,16,23,BPL3202,8.0,0.0,0.0
Charde Lareina Barrett,CLB0774,49,23,22,17,31,MJH3822,0.0,0.0,0.0
Valentine Elton Britt,VEB0935,46,37,39,20,32,ACJ0014,0.0,0.0,0.0
Macey Christen Turner,MCT0720,34,12,20,22,37,AYP3586,0.0,0.0,0.0
Jameson Damian Franco,JDF0593,30,45,11,41,29,CEB0210,0.0,137729110.0,0.0
Callum Jasper Gilmore,CJG0470,44,45,22,32,24,PIP3915,0.0,0.0,0.0
Riley Ginger Guy,RGG0064,36,19,20,42,34,ZKS0899,0.0,30342198.0,0.0
Bethany Xerxes Johnson,BXJ0010,46,24,30,35,34,COD2351,0.0,0.0,0.0
William Beau Callahan,WBC0315,40,37,40,45,24,MAK1309,0.0,0.0,0.0
Claudia Galena Baldwin,CGB0637,20,20,15,20,29,YNW2855,60.0,0.0,3724.0
Chadwick Armand Nunez,CAN0842,38,41,22,39,29,EID1076,0.0,0.0,0.0
Hyatt Trevor Hayes,HTH0007,37,38,41,20,36,JLR3930,0.0,0.0,0.0
Bell Jorden Martinez,BJM0111,22,24,39,41,19,TJD0996,0.0,91359318.0,0.0
Meredith Ainsley Wolf,MAW0166,44,16,21,17,34,NMM1560,0.0,0.0,121.0
Preston Plato Fischer,PPF0435,42,17,48,24,27,TWK1773,908.0,0.0,0.0
Samuel Eden James,SEJ0677,44,39,23,36,25,RRH0638,0.0,0.0,24.0
Alden Caesar Velez,ACV0812,42,37,12,45,28,MRB2390,0.0,0.0,0.0
Kane Walter Eaton,KWE0082,38,43,19,48,35,CJG0470,0.0,10020470.0,0.0
Edan Ciaran Larson,ECL0930,28,24,40,18,29,EHB0420,0.0,112589452.0,0.0
Randall Hashim Palmer,RHP0484,35,37,24,16,31,GSM0930,0.0,0.0,0.0
Brenda Alika Matthews,BAM0636,13,40,46,42,39,JJJ1267,0.0,0.0,0.0
Dale Dorian Mercado,DDM0579,33,45,30,37,26,INB3109,0.0,0.0,0.0
Ursula Idona Richard,UIR0043,19,37,23,38,32,SZC2235,0.0,0.0,0.0
Jaquelyn Cassandra Roberson,JCR0172,43,41,41,39,31,RCC0617,0.0,151642692.0,0.0
Aquila Tanner Ellison,ATE0869,13,15,40,44,33,DHR2541,0.0,0.0,0.0
Isadora Blaine Shepherd,IBS0836,10,44,50,38,27,KFG2735,0.0,0.0,0.0
Dylan Tiger Terry,DTT0076,42,16,34,24,28,LRL1316,0.0,0.0,0.0
Price Rashad Mullen,PRM0740,45,40,45,42,27,HSP1675,0.0,0.0,0.0
Florence Gloria Whitney,FGW0853,25,35,20,40,39,NYS2040,0.0,0.0,0.0
Judith Shaeleigh Hayden,JSH0330,20,16,23,24,28,NMC3998,0.0,0.0,0.0
Ferris Stone Bender,FSB0399,23,22,15,37,26,CHH3583,0.0,0.0,0.0
